basics.name,basics.officialName,basics.nativeName,basics.capital,basics.flagEmoji,basics.languages,codes.iso3166Alpha2,codes.iso3166Alpha3,codes.iso3166Numeric,codes.bcp47,dateTime.firstDayOfWeek,dateTime.clockFormat,dateTime.dateFormats.full,dateTime.dateFormats.long,dateTime.dateFormats.medium,dateTime.dateFormats.short,dateTime.timeFormats.full,dateTime.timeFormats.long,dateTime.timeFormats.medium,dateTime.timeFormats.short,dateTime.datePatterns.full,dateTime.datePatterns.long,dateTime.datePatterns.medium,dateTime.datePatterns.short,dateTime.timePatterns.full,dateTime.timePatterns.long,dateTime.timePatterns.medium,dateTime.timePatterns.short,dateTime.monthNames.wide,dateTime.monthNames.abbreviated,dateTime.monthNames.narrow,dateTime.dayNames.wide,dateTime.dayNames.abbreviated,dateTime.dayNames.narrow,dateTime.amPmMarkers,dateTime.timezones,dateTime.primaryTimezone,dateTime.utcOffset,numberFormat.decimalSeparator,numberFormat.thousandsSeparator,numberFormat.digitGrouping,numberFormat.pattern,numberFormat.percentExample,numberFormat.example,numberFormat.numberingSystem
Andorra,Principality of Andorra,Andorra,Andorra la Vella,🇦🇩,"[{""code"":""ca"",""iso639_2"":""cat"",""iso639_3"":""cat"",""name"":""Catalan"",""nativeName"":""català"",""official"":true,""direction"":""ltr"",""countries"":[]}]",AD,AND,20,ca-AD,1,24h,"EEEE, d MMMM 'del' y",d MMMM 'del' y,d MMM y,d/M/yy,H:mm:ss (zzzz),H:mm:ss z,H:mm:ss,H:mm,yMMMMEEEEd,yMMMMd,yMMMd,yyMd,Hmmsszzzz,Hmmssz,Hmmss,Hmm,de gener|de febrer|de març|d’abril|de maig|de juny|de juliol|d’agost|de setembre|d’octubre|de novembre|de desembre,de gen.|de febr.|de març|d’abr.|de maig|de juny|de jul.|d’ag.|de set.|d’oct.|de nov.|de des.,GN|FB|MÇ|AB|MG|JN|JL|AG|ST|OC|NV|DS,diumenge|dilluns|dimarts|dimecres|dijous|divendres|dissabte,dg.|dl.|dt.|dc.|dj.|dv.|ds.,dg.|dl.|dt.|dc.|dj.|dv.|ds.,a. m.|p. m.,UTC+01:00,UTC+01:00,+00:00,",",.,3,"#,##0.###","25,5 %","1.234.567,89",latn
الإمارات العربية المتحدة,United Arab Emirates,الإمارات العربية المتحدة,Abu Dhabi,🇦🇪,"[{""code"":""ar"",""iso639_2"":""ara"",""iso639_3"":""ara"",""name"":""Arabic"",""nativeName"":""العربية"",""official"":true,""direction"":""ltr"",""countries"":[]}]",AE,ARE,784,ar-AE,1,12h,EEEE، d MMMM y,d MMMM y,dd‏/MM‏/y,d‏/M‏/y,h:mm:ss a zzzz,h:mm:ss a z,h:mm:ss a,h:mm a,yMMMMEEEEd,yMMMMd,yMMdd,yMd,ahmmsszzzz,ahmmssz,ahmmss,ahmm,يناير|فبراير|مارس|أبريل|مايو|يونيو|يوليو|أغسطس|سبتمبر|أكتوبر|نوفمبر|ديسمبر,يناير|فبراير|مارس|أبريل|مايو|يونيو|يوليو|أغسطس|سبتمبر|أكتوبر|نوفمبر|ديسمبر,ي|ف|م|أ|و|ن|ل|غ|س|ك|ب|د,الأحد|الاثنين|الثلاثاء|الأربعاء|الخميس|الجمعة|السبت,الأحد|الاثنين|الثلاثاء|الأربعاء|الخميس|الجمعة|السبت,ح|ن|ث|ر|خ|ج|س,ص|م,UTC+04:00,UTC+04:00,+00:00,.,",",3,"#,##0.###",25.5‎%‎,"1,234,567.89",latn
افغانستان,Islamic Republic of Afghanistan,افغانستان,Kabul,🇦🇫,"[{""code"":""ps"",""iso639_2"":""pus"",""iso639_3"":""pus"",""name"":""Pashto"",""nativeName"":""پښتو"",""official"":true,""direction"":""ltr"",""countries"":[]},{""code"":""uz"",""iso639_2"":""uzb"",""iso639_3"":""uzb"",""name"":""Uzbek"",""nativeName"":""Oʻzbek"",""official"":true,""direction"":""ltr"",""countries"":[]},{""code"":""tk"",""iso639_2"":""tuk"",""iso639_3"":""tuk"",""name"":""Turkmen"",""nativeName"":""Türkmen"",""official"":true,""direction"":""ltr"",""countries"":[]}]",AF,AFG,4,ps-AF,6,24h,EEEE د y د MMMM d,y MMMM d,y MMM d,y/M/d,H:mm:ss (zzzz),H:mm:ss (z),H:mm:ss,H:mm,yMMMMEEEEd,yMMMMd,yMMMd,yMd,Hmmsszzzz,Hmmssz,Hmmss,Hmm,جنوري|فبروري|مارچ|اپریل|مۍ|جون|جولای|اګست|سېپتمبر|اکتوبر|نومبر|دسمبر,جنوري|فبروري|مارچ|اپریل|مۍ|جون|جولای|اګست|سېپتمبر|اکتوبر|نومبر|دسمبر,ج|ف|م|ا|م|ج|ج|ا|س|ا|ن|د,يونۍ|دونۍ|درېنۍ|څلرنۍ|پينځنۍ|جمعه|اونۍ,يونۍ|دونۍ|درېنۍ|څلرنۍ|پينځنۍ|جمعه|اونۍ,S|M|T|W|T|F|S,غ.م.|غ.و.,UTC+04:30,UTC+04:30,+00:00,",",.,3,"#,##0.###",۲۵٫۵٪,۱٬۲۳۴٬۵۶۷٫۸۹,arabext
Antigua & Barbuda,Antigua and Barbuda,Antigua & Barbuda,Saint John's,🇦🇬,"[{""code"":""en"",""iso639_2"":""eng"",""iso639_3"":""eng"",""name"":""English"",""nativeName"":""English"",""official"":true,""direction"":""ltr"",""countries"":[]}]",AG,ATG,28,en-AG,7,12h,"EEEE, MMMM d, y","MMMM d, y","MMM d, y",M/d/yy,h:mm:ss a zzzz,h:mm:ss a z,h:mm:ss a,h:mm a,yMMMMEEEEd,yMMMMd,yMMMd,yyMd,ahmmsszzzz,ahmmssz,ahmmss,ahmm,January|February|March|April|May|June|July|August|September|October|November|December,Jan|Feb|Mar|Apr|May|Jun|Jul|Aug|Sep|Oct|Nov|Dec,J|F|M|A|M|J|J|A|S|O|N|D,Sunday|Monday|Tuesday|Wednesday|Thursday|Friday|Saturday,Sun|Mon|Tue|Wed|Thu|Fri|Sat,S|M|T|W|T|F|S,AM|PM,UTC-04:00,UTC-04:00,+00:00,.,",",3,"#,##0.###",25.5%,"1,234,567.89",latn
Anguilla,Anguilla,Anguilla,The Valley,🇦🇮,"[{""code"":""en"",""iso639_2"":""eng"",""iso639_3"":""eng"",""name"":""English"",""nativeName"":""English"",""official"":true,""direction"":""ltr"",""countries"":[]}]",AI,AIA,660,en-AI,1,12h,"EEEE, MMMM d, y","MMMM d, y","MMM d, y",M/d/yy,h:mm:ss a zzzz,h:mm:ss a z,h:mm:ss a,h:mm a,yMMMMEEEEd,yMMMMd,yMMMd,yyMd,ahmmsszzzz,ahmmssz,ahmmss,ahmm,January|February|March|April|May|June|July|August|September|October|November|December,Jan|Feb|Mar|Apr|May|Jun|Jul|Aug|Sep|Oct|Nov|Dec,J|F|M|A|M|J|J|A|S|O|N|D,Sunday|Monday|Tuesday|Wednesday|Thursday|Friday|Saturday,Sun|Mon|Tue|Wed|Thu|Fri|Sat,S|M|T|W|T|F|S,AM|PM,UTC-04:00,UTC-04:00,+00:00,.,",",3,"#,##0.###",25.5%,"1,234,567.89",latn
Shqipëri,Republic of Albania,Shqipëri,Tirana,🇦🇱,"[{""code"":""sq"",""iso639_2"":""sqi"",""iso639_3"":""sqi"",""name"":""Albanian"",""nativeName"":""Shqip"",""official"":true,""direction"":""ltr"",""countries"":[]}]",AL,ALB,8,sq-AL,1,12h,"EEEE, d MMMM y",d MMMM y,d MMM y,d.M.yy,"h:mm:ss a, zzzz","h:mm:ss a, z",h:mm:ss a,h:mm a,yMMMMEEEEd,yMMMMd,yMMMd,yyMd,ahmmsszzzz,ahmmssz,ahmmss,ahmm,janar|shkurt|mars|prill|maj|qershor|korrik|gusht|shtator|tetor|nëntor|dhjetor,jan|shk|mar|pri|maj|qer|korr|gush|sht|tet|nën|dhj,j|sh|m|p|m|q|k|g|sh|t|n|dh,e diel|e hënë|e martë|e mërkurë|e enjte|e premte|e shtunë,die|hën|mar|mër|enj|pre|sht,d|h|m|m|e|p|sh,p.d.|m.d.,UTC+01:00,UTC+01:00,+00:00,",", ,3,"#,##0.###","25,5%","1 234 567,89",latn
Հայաստան,Republic of Armenia,Հայաստան,Yerevan,🇦🇲,"[{""code"":""hy"",""iso639_2"":""hye"",""iso639_3"":""hye"",""name"":""Armenian"",""nativeName"":""Հայերեն"",""official"":true,""direction"":""ltr"",""countries"":[]}]",AM,ARM,51,hy-AM,1,24h,"y թ. MMMM d, EEEE","dd MMMM, y թ.","dd MMM, y թ.",dd.MM.yy,HH:mm:ss zzzz,HH:mm:ss z,HH:mm:ss,HH:mm,yMMMMEEEEd,yMMMMdd,yMMMdd,yyMMdd,HHmmsszzzz,HHmmssz,HHmmss,HHmm,հունվարի|փետրվարի|մարտի|ապրիլի|մայիսի|հունիսի|հուլիսի|օգոստոսի|սեպտեմբերի|հոկտեմբերի|նոյեմբերի|դեկտեմբերի,հնվ|փտվ|մրտ|ապր|մյս|հնս|հլս|օգս|սեպ|հոկ|նոյ|դեկ,Հ|Փ|Մ|Ա|Մ|Հ|Հ|Օ|Ս|Հ|Ն|Դ,կիրակի|երկուշաբթի|երեքշաբթի|չորեքշաբթի|հինգշաբթի|ուրբաթ|շաբաթ,կիր|երկ|երք|չրք|հնգ|ուր|շբթ,Կ|Ե|Ե|Չ|Հ|Ո|Շ,AM|PM,UTC+04:00,UTC+04:00,+00:00,",", ,3,"#,##0.###","25,5%","1 234 567,89",latn
Angola,Republic of Angola,Angola,Luanda,🇦🇴,"[{""code"":""pt"",""iso639_2"":""por"",""iso639_3"":""por"",""name"":""Portuguese"",""nativeName"":""Português"",""official"":true,""direction"":""ltr"",""countries"":[]}]",AO,AGO,24,pt-AO,1,24h,"EEEE, d 'de' MMMM 'de' y",d 'de' MMMM 'de' y,d 'de' MMM 'de' y,dd/MM/y,HH:mm:ss zzzz,HH:mm:ss z,HH:mm:ss,HH:mm,yMMMMEEEEd,yMMMMd,yMMMd,yMMdd,HHmmsszzzz,HHmmssz,HHmmss,HHmm,janeiro|fevereiro|março|abril|maio|junho|julho|agosto|setembro|outubro|novembro|dezembro,jan.|fev.|mar.|abr.|mai.|jun.|jul.|ago.|set.|out.|nov.|dez.,J|F|M|A|M|J|J|A|S|O|N|D,domingo|segunda-feira|terça-feira|quarta-feira|quinta-feira|sexta-feira|sábado,dom.|seg.|ter.|qua.|qui.|sex.|sáb.,D|S|T|Q|Q|S|S,AM|PM,UTC+01:00,UTC+01:00,+00:00,",",.,3,"#,##0.###","25,5%","1 234 567,89",latn
Antarctica,Antarctica,Antarctica,,🇦🇶,"[{""code"":""en"",""iso639_2"":""eng"",""iso639_3"":""eng"",""name"":""English"",""nativeName"":""English"",""official"":true,""direction"":""ltr"",""countries"":[]},{""code"":""ru"",""iso639_2"":""rus"",""iso639_3"":""rus"",""name"":""Russian"",""nativeName"":""Русский"",""official"":true,""direction"":""ltr"",""countries"":[]}]",AQ,ATA,10,en-AQ,1,12h,"EEEE, MMMM d, y","MMMM d, y","MMM d, y",M/d/yy,h:mm:ss a zzzz,h:mm:ss a z,h:mm:ss a,h:mm a,yMMMMEEEEd,yMMMMd,yMMMd,yyMd,ahmmsszzzz,ahmmssz,ahmmss,ahmm,January|February|March|April|May|June|July|August|September|October|November|December,Jan|Feb|Mar|Apr|May|Jun|Jul|Aug|Sep|Oct|Nov|Dec,J|F|M|A|M|J|J|A|S|O|N|D,Sunday|Monday|Tuesday|Wednesday|Thursday|Friday|Saturday,Sun|Mon|Tue|Wed|Thu|Fri|Sat,S|M|T|W|T|F|S,AM|PM,UTC-03:00|UTC+03:00|UTC+05:00|UTC+06:00|UTC+07:00|UTC+08:00|UTC+10:00|UTC+12:00,UTC-03:00,+00:00,.,",",3,"#,##0.###",25.5%,"1,234,567.89",latn
Argentina,Argentine Republic,Argentina,Buenos Aires,🇦🇷,"[{""code"":""es"",""iso639_2"":""spa"",""iso639_3"":""spa"",""name"":""Spanish"",""nativeName"":""Español"",""official"":true,""direction"":""ltr"",""countries"":[]},{""code"":""gn"",""iso639_2"":""grn"",""iso639_3"":""grn"",""name"":""Guaraní"",""nativeName"":""Avañe'ẽ"",""official"":true,""direction"":""ltr"",""countries"":[]}]",AR,ARG,32,es-AR,1,24h,"EEEE, d 'de' MMMM 'de' y",d 'de' MMMM 'de' y,d MMM y,d/M/yy,H:mm:ss (zzzz),H:mm:ss z,H:mm:ss,H:mm,yMMMMEEEEd,yMMMMd,yMMMd,yyMd,Hmmsszzzz,Hmmssz,Hmmss,Hmm,enero|febrero|marzo|abril|mayo|junio|julio|agosto|septiembre|octubre|noviembre|diciembre,ene|feb|mar|abr|may|jun|jul|ago|sept|oct|nov|dic,E|F|M|A|M|J|J|A|S|O|N|D,domingo|lunes|martes|miércoles|jueves|viernes|sábado,dom|lun|mar|mié|jue|vie|sáb,D|L|M|X|J|V|S,a. m.|p. m.,UTC-03:00,UTC-03:00,+00:00,",",.,3,"#,##0.###","25,5%","1.234.567,89",latn
American Samoa,American Samoa,American Samoa,Pago Pago,🇦🇸,"[{""code"":""en"",""iso639_2"":""eng"",""iso639_3"":""eng"",""name"":""English"",""nativeName"":""English"",""official"":true,""direction"":""ltr"",""countries"":[]},{""code"":""sm"",""iso639_2"":""smo"",""iso639_3"":""smo"",""name"":""Samoan"",""nativeName"":""gagana fa'a Samoa"",""official"":true,""direction"":""ltr"",""countries"":[]}]",AS,ASM,16,en-AS,7,12h,"EEEE, MMMM d, y","MMMM d, y","MMM d, y",M/d/yy,h:mm:ss a zzzz,h:mm:ss a z,h:mm:ss a,h:mm a,yMMMMEEEEd,yMMMMd,yMMMd,yyMd,ahmmsszzzz,ahmmssz,ahmmss,ahmm,January|February|March|April|May|June|July|August|September|October|November|December,Jan|Feb|Mar|Apr|May|Jun|Jul|Aug|Sep|Oct|Nov|Dec,J|F|M|A|M|J|J|A|S|O|N|D,Sunday|Monday|Tuesday|Wednesday|Thursday|Friday|Saturday,Sun|Mon|Tue|Wed|Thu|Fri|Sat,S|M|T|W|T|F|S,AM|PM,UTC-11:00,UTC-11:00,+00:00,.,",",3,"#,##0.###",25.5%,"1,234,567.89",latn
Österreich,Republic of Austria,Österreich,Vienna,🇦🇹,"[{""code"":""de"",""iso639_2"":""deu"",""iso639_3"":""deu"",""name"":""German"",""nativeName"":""Deutsch"",""official"":true,""direction"":""ltr"",""countries"":[]}]",AT,AUT,40,de-AT,1,24h,"EEEE, d. MMMM y",d. MMMM y,dd.MM.y,dd.MM.yy,HH:mm:ss zzzz,HH:mm:ss z,HH:mm:ss,HH:mm,yMMMMEEEEd,yMMMMd,yMMdd,yyMMdd,HHmmsszzzz,HHmmssz,HHmmss,HHmm,Januar|Februar|März|April|Mai|Juni|Juli|August|September|Oktober|November|Dezember,Jan.|Feb.|März|Apr.|Mai|Juni|Juli|Aug.|Sept.|Okt.|Nov.|Dez.,J|F|M|A|M|J|J|A|S|O|N|D,Sonntag|Montag|Dienstag|Mittwoch|Donnerstag|Freitag|Samstag,So.|Mo.|Di.|Mi.|Do.|Fr.|Sa.,S|M|D|M|D|F|S,AM|PM,UTC+01:00,UTC+01:00,+00:00,",",.,3,"#,##0.###","25,5 %","1 234 567,89",latn
Australia,Commonwealth of Australia,Australia,Canberra,🇦🇺,"[{""code"":""en"",""iso639_2"":""eng"",""iso639_3"":""eng"",""name"":""English"",""nativeName"":""English"",""official"":true,""direction"":""ltr"",""countries"":[]}]",AU,AUS,36,en-AU,1,12h,"EEEE, MMMM d, y","MMMM d, y","MMM d, y",M/d/yy,h:mm:ss a zzzz,h:mm:ss a z,h:mm:ss a,h:mm a,yMMMMEEEEd,yMMMMd,yMMMd,yyMd,ahmmsszzzz,ahmmssz,ahmmss,ahmm,January|February|March|April|May|June|July|August|September|October|November|December,Jan|Feb|Mar|Apr|May|Jun|Jul|Aug|Sep|Oct|Nov|Dec,J|F|M|A|M|J|J|A|S|O|N|D,Sunday|Monday|Tuesday|Wednesday|Thursday|Friday|Saturday,Sun|Mon|Tue|Wed|Thu|Fri|Sat,S|M|T|W|T|F|S,AM|PM,UTC+05:00|UTC+06:30|UTC+07:00|UTC+08:00|UTC+09:30|UTC+10:00|UTC+10:30|UTC+11:30,UTC+05:00,+00:00,.,",",3,"#,##0.###",25.5%,"1,234,567.89",latn
Aruba,Aruba,Aruba,Oranjestad,🇦🇼,"[{""code"":""nl"",""iso639_2"":""nld"",""iso639_3"":""nld"",""name"":""Dutch"",""nativeName"":""Nederlands"",""official"":true,""direction"":""ltr"",""countries"":[]},{""code"":""pa"",""iso639_2"":""pan"",""iso639_3"":""pan"",""name"":""(Eastern) Punjabi"",""nativeName"":""ਪੰਜਾਬੀ"",""official"":true,""direction"":""ltr"",""countries"":[]}]",AW,ABW,533,nl-AW,1,24h,EEEE d MMMM y,d MMMM y,d MMM y,dd-MM-y,HH:mm:ss zzzz,HH:mm:ss z,HH:mm:ss,HH:mm,yMMMMEEEEd,yMMMMd,yMMMd,yMMdd,HHmmsszzzz,HHmmssz,HHmmss,HHmm,januari|februari|maart|april|mei|juni|juli|augustus|september|oktober|november|december,jan|feb|mrt|apr|mei|jun|jul|aug|sep|okt|nov|dec,J|F|M|A|M|J|J|A|S|O|N|D,zondag|maandag|dinsdag|woensdag|donderdag|vrijdag|zaterdag,zo|ma|di|wo|do|vr|za,Z|M|D|W|D|V|Z,a.m.|p.m.,UTC-04:00,UTC-04:00,+00:00,",",.,3,"#,##0.###","25,5%","1.234.567,89",latn
Åland,Åland Islands,Åland,Mariehamn,🇦🇽,"[{""code"":""sv"",""iso639_2"":""swe"",""iso639_3"":""swe"",""name"":""Swedish"",""nativeName"":""svenska"",""official"":true,""direction"":""ltr"",""countries"":[]}]",AX,ALA,248,sv-AX,1,24h,EEEE d MMMM y,d MMMM y,d MMM y,y-MM-dd,HH:mm:ss zzzz,HH:mm:ss z,HH:mm:ss,HH:mm,yMMMMEEEEd,yMMMMd,yMMMd,yMMdd,HHmmsszzzz,HHmmssz,HHmmss,HHmm,januari|februari|mars|april|maj|juni|juli|augusti|september|oktober|november|december,jan.|feb.|mars|apr.|maj|juni|juli|aug.|sep.|okt.|nov.|dec.,J|F|M|A|M|J|J|A|S|O|N|D,söndag|måndag|tisdag|onsdag|torsdag|fredag|lördag,sön|mån|tis|ons|tors|fre|lör,S|M|T|O|T|F|L,fm|em,UTC+02:00,UTC+02:00,+00:00,",", ,3,"#,##0.###","25,5 %","1 234 567,89",latn
Azərbaycan,Republic of Azerbaijan,Azərbaycan,Baku,🇦🇿,"[{""code"":""az"",""iso639_2"":""aze"",""iso639_3"":""aze"",""name"":""Azerbaijani"",""nativeName"":""azərbaycan dili"",""official"":true,""direction"":""ltr"",""countries"":[]}]",AZ,AZE,31,az-AZ,1,24h,"d MMMM y, EEEE",d MMMM y,d MMM y,dd.MM.yy,HH:mm:ss zzzz,HH:mm:ss z,HH:mm:ss,HH:mm,yMMMMEEEEd,yMMMMd,yMMMd,yyMMdd,HHmmsszzzz,HHmmssz,HHmmss,HHmm,yanvar|fevral|mart|aprel|may|iyun|iyul|avqust|sentyabr|oktyabr|noyabr|dekabr,yan|fev|mar|apr|may|iyn|iyl|avq|sen|okt|noy|dek,1|2|3|4|5|6|7|8|9|10|11|12,bazar|bazar ertəsi|çərşənbə axşamı|çərşənbə|cümə axşamı|cümə|şənbə,B.|B.e.|Ç.a.|Ç.|C.a.|C.|Ş.,7|1|2|3|4|5|6,AM|PM,UTC+04:00,UTC+04:00,+00:00,",",.,3,"#,##0.###","25,5%","1.234.567,89",latn
Bosna i Hercegovina,Bosnia and Herzegovina,Bosna i Hercegovina,Sarajevo,🇧🇦,"[{""code"":""bs"",""iso639_2"":""bos"",""iso639_3"":""bos"",""name"":""Bosnian"",""nativeName"":""bosanski jezik"",""official"":true,""direction"":""ltr"",""countries"":[]},{""code"":""hr"",""iso639_2"":""hrv"",""iso639_3"":""hrv"",""name"":""Croatian"",""nativeName"":""hrvatski jezik"",""official"":true,""direction"":""ltr"",""countries"":[]},{""code"":""sr"",""iso639_2"":""srp"",""iso639_3"":""srp"",""name"":""Serbian"",""nativeName"":""српски језик"",""official"":true,""direction"":""ltr"",""countries"":[]}]",BA,BIH,70,bs-BA,1,24h,"EEEE, d. MMMM y.",d. MMMM y.,d. MMM y.,d. M. y.,HH:mm:ss zzzz,HH:mm:ss z,HH:mm:ss,HH:mm,yMMMMEEEEd,yMMMMd,yMMMd,yMd,HHmmsszzzz,HHmmssz,HHmmss,HHmm,januar|februar|mart|april|maj|juni|juli|august|septembar|oktobar|novembar|decembar,jan|feb|mar|apr|maj|jun|jul|aug|sep|okt|nov|dec,jan|feb|mar|apr|may|jun|jul|aug|sep|okt|nov|dec,nedjelja|ponedjeljak|utorak|srijeda|četvrtak|petak|subota,ned|pon|uto|sri|čet|pet|sub,N|P|U|S|Č|P|S,a. m.|p. m.,UTC+01:00,UTC+01:00,+00:00,",",.,3,"#,##0.###","25,5%","1.234.567,89",latn
Barbados,Barbados,Barbados,Bridgetown,🇧🇧,"[{""code"":""en"",""iso639_2"":""eng"",""iso639_3"":""eng"",""name"":""English"",""nativeName"":""English"",""official"":true,""direction"":""ltr"",""countries"":[]}]",BB,BRB,52,en-BB,1,12h,"EEEE, MMMM d, y","MMMM d, y","MMM d, y",M/d/yy,h:mm:ss a zzzz,h:mm:ss a z,h:mm:ss a,h:mm a,yMMMMEEEEd,yMMMMd,yMMMd,yyMd,ahmmsszzzz,ahmmssz,ahmmss,ahmm,January|February|March|April|May|June|July|August|September|October|November|December,Jan|Feb|Mar|Apr|May|Jun|Jul|Aug|Sep|Oct|Nov|Dec,J|F|M|A|M|J|J|A|S|O|N|D,Sunday|Monday|Tuesday|Wednesday|Thursday|Friday|Saturday,Sun|Mon|Tue|Wed|Thu|Fri|Sat,S|M|T|W|T|F|S,AM|PM,UTC-04:00,UTC-04:00,+00:00,.,",",3,"#,##0.###",25.5%,"1,234,567.89",latn
বাংলাদেশ,People's Republic of Bangladesh,বাংলাদেশ,Dhaka,🇧🇩,"[{""code"":""bn"",""iso639_2"":""ben"",""iso639_3"":""ben"",""name"":""Bengali"",""nativeName"":""বাংলা"",""official"":true,""direction"":""ltr"",""countries"":[]}]",BD,BGD,50,bn-BD,7,12h,"EEEE, d MMMM, y","d MMMM, y","d MMM, y",d/M/yy,h:mm:ss a zzzz,h:mm:ss a z,h:mm:ss a,h:mm a,yMMMMEEEEd,yMMMMd,yMMMd,yyMd,ahmmsszzzz,ahmmssz,ahmmss,ahmm,জানুয়ারি|ফেব্রুয়ারি|মার্চ|এপ্রিল|মে|জুন|জুলাই|আগস্ট|সেপ্টেম্বর|অক্টোবর|নভেম্বর|ডিসেম্বর,জানু|ফেব|মার্চ|এপ্রি|মে|জুন|জুল|আগ|সেপ|অক্টো|নভে|ডিসে,জা|ফে|মা|এ|মে|জুন|জু|আ|সে|অ|ন|ডি,রবিবার|সোমবার|মঙ্গলবার|বুধবার|বৃহস্পতিবার|শুক্রবার|শনিবার,রবি|সোম|মঙ্গল|বুধ|বৃহস্পতি|শুক্র|শনি,র|সো|ম|বু|বৃ|শু|শ,AM|PM,UTC+06:00,UTC+06:00,+00:00,.,",",3,"#,##,##0.###",২৫.৫%,"১২,৩৪,৫৬৭.৮৯",beng
België,Kingdom of Belgium,België,Brussels,🇧🇪,"[{""code"":""nl"",""iso639_2"":""nld"",""iso639_3"":""nld"",""name"":""Dutch"",""nativeName"":""Nederlands"",""official"":true,""direction"":""ltr"",""countries"":[]},{""code"":""fr"",""iso639_2"":""fra"",""iso639_3"":""fra"",""name"":""French"",""nativeName"":""français"",""official"":true,""direction"":""ltr"",""countries"":[]},{""code"":""de"",""iso639_2"":""deu"",""iso639_3"":""deu"",""name"":""German"",""nativeName"":""Deutsch"",""official"":true,""direction"":""ltr"",""countries"":[]}]",BE,BEL,56,nl-BE,1,24h,EEEE d MMMM y,d MMMM y,d MMM y,dd-MM-y,HH:mm:ss zzzz,HH:mm:ss z,HH:mm:ss,HH:mm,yMMMMEEEEd,yMMMMd,yMMMd,yMMdd,HHmmsszzzz,HHmmssz,HHmmss,HHmm,januari|februari|maart|april|mei|juni|juli|augustus|september|oktober|november|december,jan|feb|mrt|apr|mei|jun|jul|aug|sep|okt|nov|dec,J|F|M|A|M|J|J|A|S|O|N|D,zondag|maandag|dinsdag|woensdag|donderdag|vrijdag|zaterdag,zo|ma|di|wo|do|vr|za,Z|M|D|W|D|V|Z,a.m.|p.m.,UTC+01:00,UTC+01:00,+00:00,",",.,3,"#,##0.###","25,5%","1.234.567,89",latn
Burkina Faso,Burkina Faso,Burkina Faso,Ouagadougou,🇧🇫,"[{""code"":""fr"",""iso639_2"":""fra"",""iso639_3"":""fra"",""name"":""French"",""nativeName"":""français"",""official"":true,""direction"":""ltr"",""countries"":[]},{""code"":""ff"",""iso639_2"":""ful"",""iso639_3"":""ful"",""name"":""Fula"",""nativeName"":""Fulfulde"",""official"":true,""direction"":""ltr"",""countries"":[]}]",BF,BFA,854,fr-BF,1,24h,EEEE d MMMM y,d MMMM y,d MMM y,dd/MM/y,HH:mm:ss zzzz,HH:mm:ss z,HH:mm:ss,HH:mm,yMMMMEEEEd,yMMMMd,yMMMd,yMMdd,HHmmsszzzz,HHmmssz,HHmmss,HHmm,janvier|février|mars|avril|mai|juin|juillet|août|septembre|octobre|novembre|décembre,janv.|févr.|mars|avr.|mai|juin|juil.|août|sept.|oct.|nov.|déc.,J|F|M|A|M|J|J|A|S|O|N|D,dimanche|lundi|mardi|mercredi|jeudi|vendredi|samedi,dim.|lun.|mar.|mer.|jeu.|ven.|sam.,D|L|M|M|J|V|S,AM|PM,UTC,UTC,+00:00,",", ,3,"#,##0.###","25,5 %","1 234 567,89",latn
България,Republic of Bulgaria,България,Sofia,🇧🇬,"[{""code"":""bg"",""iso639_2"":""bul"",""iso639_3"":""bul"",""name"":""Bulgarian"",""nativeName"":""български език"",""official"":true,""direction"":""ltr"",""countries"":[]}]",BG,BGR,100,bg-BG,1,24h,"EEEE, d MMMM y 'г'.",d MMMM y 'г'.,d.MM.y 'г'.,d.MM.yy 'г'.,H:mm:ss 'ч'. zzzz,H:mm:ss 'ч'. z,H:mm:ss,H:mm,yMMMMEEEEd,yMMMMd,yMMd,yyMMd,Hmmsszzzz,Hmmssz,Hmmss,Hmm,януари|февруари|март|април|май|юни|юли|август|септември|октомври|ноември|декември,яну|фев|март|апр|май|юни|юли|авг|сеп|окт|ное|дек,я|ф|м|а|м|ю|ю|а|с|о|н|д,неделя|понеделник|вторник|сряда|четвъртък|петък|събота,нд|пн|вт|ср|чт|пт|сб,н|п|в|с|ч|п|с,am|pm,UTC+02:00,UTC+02:00,+00:00,",", ,3,"#,##0.###","25,5%","1 234 567,89",latn
البحرين,Kingdom of Bahrain,البحرين,Manama,🇧🇭,"[{""code"":""ar"",""iso639_2"":""ara"",""iso639_3"":""ara"",""name"":""Arabic"",""nativeName"":""العربية"",""official"":true,""direction"":""ltr"",""countries"":[]}]",BH,BHR,48,ar-BH,6,12h,EEEE، d MMMM y,d MMMM y,dd‏/MM‏/y,d‏/M‏/y,h:mm:ss a zzzz,h:mm:ss a z,h:mm:ss a,h:mm a,yMMMMEEEEd,yMMMMd,yMMdd,yMd,ahmmsszzzz,ahmmssz,ahmmss,ahmm,يناير|فبراير|مارس|أبريل|مايو|يونيو|يوليو|أغسطس|سبتمبر|أكتوبر|نوفمبر|ديسمبر,يناير|فبراير|مارس|أبريل|مايو|يونيو|يوليو|أغسطس|سبتمبر|أكتوبر|نوفمبر|ديسمبر,ي|ف|م|أ|و|ن|ل|غ|س|ك|ب|د,الأحد|الاثنين|الثلاثاء|الأربعاء|الخميس|الجمعة|السبت,الأحد|الاثنين|الثلاثاء|الأربعاء|الخميس|الجمعة|السبت,ح|ن|ث|ر|خ|ج|س,ص|م,UTC+03:00,UTC+03:00,+00:00,.,",",3,"#,##0.###",٢٥٫٥٪؜,١٬٢٣٤٬٥٦٧٫٨٩,latn
Burundi,Republic of Burundi,Burundi,Gitega,🇧🇮,"[{""code"":""fr"",""iso639_2"":""fra"",""iso639_3"":""fra"",""name"":""French"",""nativeName"":""français"",""official"":true,""direction"":""ltr"",""countries"":[]},{""code"":""rn"",""iso639_2"":""run"",""iso639_3"":""run"",""name"":""Kirundi"",""nativeName"":""Ikirundi"",""official"":true,""direction"":""ltr"",""countries"":[]}]",BI,BDI,108,fr-BI,1,24h,EEEE d MMMM y,d MMMM y,d MMM y,dd/MM/y,HH:mm:ss zzzz,HH:mm:ss z,HH:mm:ss,HH:mm,yMMMMEEEEd,yMMMMd,yMMMd,yMMdd,HHmmsszzzz,HHmmssz,HHmmss,HHmm,janvier|février|mars|avril|mai|juin|juillet|août|septembre|octobre|novembre|décembre,janv.|févr.|mars|avr.|mai|juin|juil.|août|sept.|oct.|nov.|déc.,J|F|M|A|M|J|J|A|S|O|N|D,dimanche|lundi|mardi|mercredi|jeudi|vendredi|samedi,dim.|lun.|mar.|mer.|jeu.|ven.|sam.,D|L|M|M|J|V|S,AM|PM,UTC+02:00,UTC+02:00,+00:00,",", ,3,"#,##0.###","25,5 %","1 234 567,89",latn
Bénin,Republic of Benin,Bénin,Porto-Novo,🇧🇯,"[{""code"":""fr"",""iso639_2"":""fra"",""iso639_3"":""fra"",""name"":""French"",""nativeName"":""français"",""official"":true,""direction"":""ltr"",""countries"":[]}]",BJ,BEN,204,fr-BJ,1,24h,EEEE d MMMM y,d MMMM y,d MMM y,dd/MM/y,HH:mm:ss zzzz,HH:mm:ss z,HH:mm:ss,HH:mm,yMMMMEEEEd,yMMMMd,yMMMd,yMMdd,HHmmsszzzz,HHmmssz,HHmmss,HHmm,janvier|février|mars|avril|mai|juin|juillet|août|septembre|octobre|novembre|décembre,janv.|févr.|mars|avr.|mai|juin|juil.|août|sept.|oct.|nov.|déc.,J|F|M|A|M|J|J|A|S|O|N|D,dimanche|lundi|mardi|mercredi|jeudi|vendredi|samedi,dim.|lun.|mar.|mer.|jeu.|ven.|sam.,D|L|M|M|J|V|S,AM|PM,UTC+01:00,UTC+01:00,+00:00,",", ,3,"#,##0.###","25,5 %","1 234 567,89",latn
Saint-Barthélemy,Collectivity of Saint Barthélemy,Saint-Barthélemy,Gustavia,🇧🇱,"[{""code"":""fr"",""iso639_2"":""fra"",""iso639_3"":""fra"",""name"":""French"",""nativeName"":""français"",""official"":true,""direction"":""ltr"",""countries"":[]}]",BL,BLM,652,fr-BL,1,24h,EEEE d MMMM y,d MMMM y,d MMM y,dd/MM/y,HH:mm:ss zzzz,HH:mm:ss z,HH:mm:ss,HH:mm,yMMMMEEEEd,yMMMMd,yMMMd,yMMdd,HHmmsszzzz,HHmmssz,HHmmss,HHmm,janvier|février|mars|avril|mai|juin|juillet|août|septembre|octobre|novembre|décembre,janv.|févr.|mars|avr.|mai|juin|juil.|août|sept.|oct.|nov.|déc.,J|F|M|A|M|J|J|A|S|O|N|D,dimanche|lundi|mardi|mercredi|jeudi|vendredi|samedi,dim.|lun.|mar.|mer.|jeu.|ven.|sam.,D|L|M|M|J|V|S,AM|PM,UTC-04:00,UTC-04:00,+00:00,",", ,3,"#,##0.###","25,5 %","1 234 567,89",latn
Bermuda,Bermuda,Bermuda,Hamilton,🇧🇲,"[{""code"":""en"",""iso639_2"":""eng"",""iso639_3"":""eng"",""name"":""English"",""nativeName"":""English"",""official"":true,""direction"":""ltr"",""countries"":[]}]",BM,BMU,60,en-BM,1,12h,"EEEE, MMMM d, y","MMMM d, y","MMM d, y",M/d/yy,h:mm:ss a zzzz,h:mm:ss a z,h:mm:ss a,h:mm a,yMMMMEEEEd,yMMMMd,yMMMd,yyMd,ahmmsszzzz,ahmmssz,ahmmss,ahmm,January|February|March|April|May|June|July|August|September|October|November|December,Jan|Feb|Mar|Apr|May|Jun|Jul|Aug|Sep|Oct|Nov|Dec,J|F|M|A|M|J|J|A|S|O|N|D,Sunday|Monday|Tuesday|Wednesday|Thursday|Friday|Saturday,Sun|Mon|Tue|Wed|Thu|Fri|Sat,S|M|T|W|T|F|S,AM|PM,UTC-04:00,UTC-04:00,+00:00,.,",",3,"#,##0.###",25.5%,"1,234,567.89",latn
Brunei,"Nation of Brunei, Abode of Peace",Brunei,Bandar Seri Begawan,🇧🇳,"[{""code"":""ms"",""iso639_2"":""msa"",""iso639_3"":""msa"",""name"":""Malay"",""nativeName"":""bahasa Melayu"",""official"":true,""direction"":""ltr"",""countries"":[]}]",BN,BRN,96,ms-BN,1,12h,"EEEE, d MMMM y",d MMMM y,d MMM y,d/MM/yy,h:mm:ss a zzzz,h:mm:ss a z,h:mm:ss a,h:mm a,yMMMMEEEEd,yMMMMd,yMMMd,yyMMd,ahmmsszzzz,ahmmssz,ahmmss,ahmm,Januari|Februari|Mac|April|Mei|Jun|Julai|Ogos|September|Oktober|November|Disember,Jan|Feb|Mac|Apr|Mei|Jun|Jul|Ogo|Sep|Okt|Nov|Dis,J|F|M|A|M|J|J|O|S|O|N|D,Ahad|Isnin|Selasa|Rabu|Khamis|Jumaat|Sabtu,Ahd|Isn|Sel|Rab|Kha|Jum|Sab,A|I|S|R|K|J|S,PG|PTG,UTC+08:00,UTC+08:00,+00:00,.,",",3,"#,##0.###","25,5%","1.234.567,89",latn
Bolivia,Plurinational State of Bolivia,Bolivia,Sucre,🇧🇴,"[{""code"":""es"",""iso639_2"":""spa"",""iso639_3"":""spa"",""name"":""Spanish"",""nativeName"":""Español"",""official"":true,""direction"":""ltr"",""countries"":[]},{""code"":""ay"",""iso639_2"":""aym"",""iso639_3"":""aym"",""name"":""Aymara"",""nativeName"":""aymar aru"",""official"":true,""direction"":""ltr"",""countries"":[]},{""code"":""qu"",""iso639_2"":""que"",""iso639_3"":""que"",""name"":""Quechua"",""nativeName"":""Runa Simi"",""official"":true,""direction"":""ltr"",""countries"":[]}]",BO,BOL,68,es-BO,1,24h,"EEEE, d 'de' MMMM 'de' y",d 'de' MMMM 'de' y,d MMM y,d/M/yy,H:mm:ss (zzzz),H:mm:ss z,H:mm:ss,H:mm,yMMMMEEEEd,yMMMMd,yMMMd,yyMd,Hmmsszzzz,Hmmssz,Hmmss,Hmm,enero|febrero|marzo|abril|mayo|junio|julio|agosto|septiembre|octubre|noviembre|diciembre,ene|feb|mar|abr|may|jun|jul|ago|sept|oct|nov|dic,E|F|M|A|M|J|J|A|S|O|N|D,domingo|lunes|martes|miércoles|jueves|viernes|sábado,dom|lun|mar|mié|jue|vie|sáb,D|L|M|X|J|V|S,a. m.|p. m.,UTC-04:00,UTC-04:00,+00:00,",",.,3,"#,##0.###","25,5%","1.234.567,89",latn
Caribisch Nederland,"Bonaire, Sint Eustatius and Saba",Caribisch Nederland,Kralendijk,🇧🇶,"[{""code"":""nl"",""iso639_2"":""nld"",""iso639_3"":""nld"",""name"":""Dutch"",""nativeName"":""Nederlands"",""official"":true,""direction"":""ltr"",""countries"":[]}]",BQ,BES,535,nl-BQ,1,24h,EEEE d MMMM y,d MMMM y,d MMM y,dd-MM-y,HH:mm:ss zzzz,HH:mm:ss z,HH:mm:ss,HH:mm,yMMMMEEEEd,yMMMMd,yMMMd,yMMdd,HHmmsszzzz,HHmmssz,HHmmss,HHmm,januari|februari|maart|april|mei|juni|juli|augustus|september|oktober|november|december,jan|feb|mrt|apr|mei|jun|jul|aug|sep|okt|nov|dec,J|F|M|A|M|J|J|A|S|O|N|D,zondag|maandag|dinsdag|woensdag|donderdag|vrijdag|zaterdag,zo|ma|di|wo|do|vr|za,Z|M|D|W|D|V|Z,a.m.|p.m.,UTC-04:00,UTC-04:00,+00:00,",",.,3,"#,##0.###","25,5%","1.234.567,89",latn
Brasil,Federative Republic of Brazil,Brasil,Brasília,🇧🇷,"[{""code"":""pt"",""iso639_2"":""por"",""iso639_3"":""por"",""name"":""Portuguese"",""nativeName"":""Português"",""official"":true,""direction"":""ltr"",""countries"":[]}]",BR,BRA,76,pt-BR,7,24h,"EEEE, d 'de' MMMM 'de' y",d 'de' MMMM 'de' y,d 'de' MMM 'de' y,dd/MM/y,HH:mm:ss zzzz,HH:mm:ss z,HH:mm:ss,HH:mm,yMMMMEEEEd,yMMMMd,yMMMd,yMMdd,HHmmsszzzz,HHmmssz,HHmmss,HHmm,janeiro|fevereiro|março|abril|maio|junho|julho|agosto|setembro|outubro|novembro|dezembro,jan.|fev.|mar.|abr.|mai.|jun.|jul.|ago.|set.|out.|nov.|dez.,J|F|M|A|M|J|J|A|S|O|N|D,domingo|segunda-feira|terça-feira|quarta-feira|quinta-feira|sexta-feira|sábado,dom.|seg.|ter.|qua.|qui.|sex.|sáb.,D|S|T|Q|Q|S|S,AM|PM,UTC-05:00|UTC-04:00|UTC-03:00|UTC-02:00,UTC-05:00,+00:00,",",.,3,"#,##0.###","25,5%","1.234.567,89",latn
Bahamas,Commonwealth of the Bahamas,Bahamas,Nassau,🇧🇸,"[{""code"":""en"",""iso639_2"":""eng"",""iso639_3"":""eng"",""name"":""English"",""nativeName"":""English"",""official"":true,""direction"":""ltr"",""countries"":[]}]",BS,BHS,44,en-BS,7,12h,"EEEE, MMMM d, y","MMMM d, y","MMM d, y",M/d/yy,h:mm:ss a zzzz,h:mm:ss a z,h:mm:ss a,h:mm a,yMMMMEEEEd,yMMMMd,yMMMd,yyMd,ahmmsszzzz,ahmmssz,ahmmss,ahmm,January|February|March|April|May|June|July|August|September|October|November|December,Jan|Feb|Mar|Apr|May|Jun|Jul|Aug|Sep|Oct|Nov|Dec,J|F|M|A|M|J|J|A|S|O|N|D,Sunday|Monday|Tuesday|Wednesday|Thursday|Friday|Saturday,Sun|Mon|Tue|Wed|Thu|Fri|Sat,S|M|T|W|T|F|S,AM|PM,UTC-05:00,UTC-05:00,+00:00,.,",",3,"#,##0.###",25.5%,"1,234,567.89",latn
འབྲུག,Kingdom of Bhutan,འབྲུག,Thimphu,🇧🇹,"[{""code"":""dz"",""iso639_2"":""dzo"",""iso639_3"":""dzo"",""name"":""Dzongkha"",""nativeName"":""རྫོང་ཁ"",""official"":true,""direction"":""ltr"",""countries"":[]}]",BT,BTN,64,dz-BT,7,12h,"EEEE, སྤྱི་ལོ་y MMMM ཚེས་dd",སྤྱི་ལོ་y MMMM ཚེས་ dd,སྤྱི་ལོ་y ཟླ་MMM ཚེས་dd,y-MM-dd,ཆུ་ཚོད་ h སྐར་མ་ mm:ss a zzzz,ཆུ་ཚོད་ h སྐར་མ་ mm:ss a z,ཆུ་ཚོད་h:mm:ss a,ཆུ་ཚོད་ h སྐར་མ་ mm a,yMMMMEEEEdd,yMMMMdd,yMMMdd,yMMdd,ahmmsszzzz,ahmmssz,ahmmss,ahmm,ཟླ་དངཔ་|ཟླ་གཉིས་པ་|ཟླ་གསུམ་པ་|ཟླ་བཞི་པ་|ཟླ་ལྔ་པ་|ཟླ་དྲུག་པ|ཟླ་བདུན་པ་|ཟླ་བརྒྱད་པ་|ཟླ་དགུ་པ་|ཟླ་བཅུ་པ་|ཟླ་བཅུ་གཅིག་པ་|ཟླ་བཅུ་གཉིས་པ་,༡|༢|༣|༤|༥|༦|༧|༨|༩|༡༠|༡༡|12,༡|༢|༣|4|༥|༦|༧|༨|9|༡༠|༡༡|༡༢,གཟའ་ཟླ་བ་|གཟའ་མིག་དམར་|གཟའ་ལྷག་པ་|གཟའ་ཕུར་བུ་|གཟའ་པ་སངས་|གཟའ་སྤེན་པ་|གཟའ་ཉི་མ་,ཟླ་|མིར་|ལྷག་|ཕུར་|སངས་|སྤེན་|ཉི་,ཟླ|མིར|ལྷག|ཕུར|སངྶ|སྤེན|ཉི,སྔ་ཆ་|ཕྱི་ཆ་,UTC+06:00,UTC+06:00,+00:00,.,",",3,"#,##,##0.###",༢༥.༥ %,"༡༢,༣༤,༥༦༧.༨༩",tibt
Bouvetøya,Bouvet Island,Bouvetøya,,🇧🇻,"[{""code"":""no"",""iso639_2"":""nor"",""iso639_3"":""nor"",""name"":""Norwegian"",""nativeName"":""Norsk"",""official"":true,""direction"":""ltr"",""countries"":[]},{""code"":""nb"",""iso639_2"":""nob"",""iso639_3"":""nob"",""name"":""Norwegian Bokmål"",""nativeName"":""Norsk bokmål"",""official"":true,""direction"":""ltr"",""countries"":[]},{""code"":""nn"",""iso639_2"":""nno"",""iso639_3"":""nno"",""name"":""Norwegian Nynorsk"",""nativeName"":""Norsk nynorsk"",""official"":true,""direction"":""ltr"",""countries"":[]}]",BV,BVT,74,no-BV,1,24h,EEEE d. MMMM y,d. MMMM y,d. MMM y,dd.MM.y,HH:mm:ss zzzz,HH:mm:ss z,HH:mm:ss,HH:mm,yMMMMEEEEd,yMMMMd,yMMMd,yMMdd,HHmmsszzzz,HHmmssz,HHmmss,HHmm,januar|februar|mars|april|mai|juni|juli|august|september|oktober|november|desember,jan.|feb.|mars|apr.|mai|juni|juli|aug.|sep.|okt.|nov.|des.,J|F|M|A|M|J|J|A|S|O|N|D,søndag|mandag|tirsdag|onsdag|torsdag|fredag|lørdag,søn.|man.|tir.|ons.|tor.|fre.|lør.,S|M|T|O|T|F|L,a.m.|p.m.,UTC+01:00,UTC+01:00,+00:00,",", ,3,"#,##0.###","25,5 %","1 234 567,89",latn
Botswana,Republic of Botswana,Botswana,Gaborone,🇧🇼,"[{""code"":""en"",""iso639_2"":""eng"",""iso639_3"":""eng"",""name"":""English"",""nativeName"":""English"",""official"":true,""direction"":""ltr"",""countries"":[]},{""code"":""tn"",""iso639_2"":""tsn"",""iso639_3"":""tsn"",""name"":""Tswana"",""nativeName"":""Setswana"",""official"":true,""direction"":""ltr"",""countries"":[]}]",BW,BWA,72,en-BW,7,12h,"EEEE, MMMM d, y","MMMM d, y","MMM d, y",M/d/yy,h:mm:ss a zzzz,h:mm:ss a z,h:mm:ss a,h:mm a,yMMMMEEEEd,yMMMMd,yMMMd,yyMd,ahmmsszzzz,ahmmssz,ahmmss,ahmm,January|February|March|April|May|June|July|August|September|October|November|December,Jan|Feb|Mar|Apr|May|Jun|Jul|Aug|Sep|Oct|Nov|Dec,J|F|M|A|M|J|J|A|S|O|N|D,Sunday|Monday|Tuesday|Wednesday|Thursday|Friday|Saturday,Sun|Mon|Tue|Wed|Thu|Fri|Sat,S|M|T|W|T|F|S,AM|PM,UTC+02:00,UTC+02:00,+00:00,.,",",3,"#,##0.###",25.5%,"1,234,567.89",latn
Беларусь,Republic of Belarus,Беларусь,Minsk,🇧🇾,"[{""code"":""be"",""iso639_2"":""bel"",""iso639_3"":""bel"",""name"":""Belarusian"",""nativeName"":""беларуская мова"",""official"":true,""direction"":""ltr"",""countries"":[]},{""code"":""ru"",""iso639_2"":""rus"",""iso639_3"":""rus"",""name"":""Russian"",""nativeName"":""Русский"",""official"":true,""direction"":""ltr"",""countries"":[]}]",BY,BLR,112,be-BY,1,24h,"EEEE, d MMMM y 'г'.",d MMMM y 'г'.,d MMM y 'г'.,d.MM.yy,"HH:mm:ss, zzzz",HH:mm:ss z,HH:mm:ss,HH:mm,yMMMMEEEEd,yMMMMd,yMMd,yyMMd,HHmmsszzzz,HHmmssz,HHmmss,HHmm,студзеня|лютага|сакавіка|красавіка|мая|чэрвеня|ліпеня|жніўня|верасня|кастрычніка|лістапада|снежня,сту|лют|сак|кра|мая|чэр|ліп|жні|вер|кас|ліс|сне,с|л|с|к|м|ч|л|ж|в|к|л|с,нядзеля|панядзелак|аўторак|серада|чацвер|пятніца|субота,нд|пн|аў|ср|чц|пт|сб,н|п|а|с|ч|п|с,AM|PM,UTC+03:00,UTC+03:00,+00:00,",", ,3,"#,##0.###","25,5 %","1 234 567,89",latn
Belize,Belize,Belize,Belmopan,🇧🇿,"[{""code"":""en"",""iso639_2"":""eng"",""iso639_3"":""eng"",""name"":""English"",""nativeName"":""English"",""official"":true,""direction"":""ltr"",""countries"":[]},{""code"":""es"",""iso639_2"":""spa"",""iso639_3"":""spa"",""name"":""Spanish"",""nativeName"":""Español"",""official"":true,""direction"":""ltr"",""countries"":[]}]",BZ,BLZ,84,en-BZ,7,12h,"EEEE, MMMM d, y","MMMM d, y","MMM d, y",M/d/yy,h:mm:ss a zzzz,h:mm:ss a z,h:mm:ss a,h:mm a,yMMMMEEEEd,yMMMMd,yMMMd,yyMd,ahmmsszzzz,ahmmssz,ahmmss,ahmm,January|February|March|April|May|June|July|August|September|October|November|December,Jan|Feb|Mar|Apr|May|Jun|Jul|Aug|Sep|Oct|Nov|Dec,J|F|M|A|M|J|J|A|S|O|N|D,Sunday|Monday|Tuesday|Wednesday|Thursday|Friday|Saturday,Sun|Mon|Tue|Wed|Thu|Fri|Sat,S|M|T|W|T|F|S,AM|PM,UTC-06:00,UTC-06:00,+00:00,.,",",3,"#,##0.###",25.5%,"1,234,567.89",latn
Canada,Canada,Canada,Ottawa,🇨🇦,"[{""code"":""en"",""iso639_2"":""eng"",""iso639_3"":""eng"",""name"":""English"",""nativeName"":""English"",""official"":true,""direction"":""ltr"",""countries"":[]},{""code"":""fr"",""iso639_2"":""fra"",""iso639_3"":""fra"",""name"":""French"",""nativeName"":""français"",""official"":true,""direction"":""ltr"",""countries"":[]}]",CA,CAN,124,en-CA,7,12h,"EEEE, MMMM d, y","MMMM d, y","MMM d, y",M/d/yy,h:mm:ss a zzzz,h:mm:ss a z,h:mm:ss a,h:mm a,yMMMMEEEEd,yMMMMd,yMMMd,yyMd,ahmmsszzzz,ahmmssz,ahmmss,ahmm,January|February|March|April|May|June|July|August|September|October|November|December,Jan|Feb|Mar|Apr|May|Jun|Jul|Aug|Sep|Oct|Nov|Dec,J|F|M|A|M|J|J|A|S|O|N|D,Sunday|Monday|Tuesday|Wednesday|Thursday|Friday|Saturday,Sun|Mon|Tue|Wed|Thu|Fri|Sat,S|M|T|W|T|F|S,AM|PM,UTC-08:00|UTC-07:00|UTC-06:00|UTC-05:00|UTC-04:00|UTC-03:30,UTC-08:00,+00:00,.,",",3,"#,##0.###",25.5%,"1,234,567.89",latn
Cocos (Keeling) Islands,Territory of the Cocos (Keeling) Islands,Cocos (Keeling) Islands,West Island,🇨🇨,"[{""code"":""en"",""iso639_2"":""eng"",""iso639_3"":""eng"",""name"":""English"",""nativeName"":""English"",""official"":true,""direction"":""ltr"",""countries"":[]}]",CC,CCK,166,en-CC,1,12h,"EEEE, MMMM d, y","MMMM d, y","MMM d, y",M/d/yy,h:mm:ss a zzzz,h:mm:ss a z,h:mm:ss a,h:mm a,yMMMMEEEEd,yMMMMd,yMMMd,yyMd,ahmmsszzzz,ahmmssz,ahmmss,ahmm,January|February|March|April|May|June|July|August|September|October|November|December,Jan|Feb|Mar|Apr|May|Jun|Jul|Aug|Sep|Oct|Nov|Dec,J|F|M|A|M|J|J|A|S|O|N|D,Sunday|Monday|Tuesday|Wednesday|Thursday|Friday|Saturday,Sun|Mon|Tue|Wed|Thu|Fri|Sat,S|M|T|W|T|F|S,AM|PM,UTC+06:30,UTC+06:30,+00:00,.,",",3,"#,##0.###",25.5%,"1,234,567.89",latn
Congo-Kinshasa,Democratic Republic of the Congo,Congo-Kinshasa,Kinshasa,🇨🇩,"[{""code"":""fr"",""iso639_2"":""fra"",""iso639_3"":""fra"",""name"":""French"",""nativeName"":""français"",""official"":true,""direction"":""ltr"",""countries"":[]},{""code"":""ln"",""iso639_2"":""lin"",""iso639_3"":""lin"",""name"":""Lingala"",""nativeName"":""Lingála"",""official"":true,""direction"":""ltr"",""countries"":[]},{""code"":""kg"",""iso639_2"":""kon"",""iso639_3"":""kon"",""name"":""Kongo"",""nativeName"":""Kikongo"",""official"":true,""direction"":""ltr"",""countries"":[]},{""code"":""sw"",""iso639_2"":""swa"",""iso639_3"":""swa"",""name"":""Swahili"",""nativeName"":""Kiswahili"",""official"":true,""direction"":""ltr"",""countries"":[]},{""code"":""lu"",""iso639_2"":""lub"",""iso639_3"":""lub"",""name"":""Luba-Katanga"",""nativeName"":""Tshiluba"",""official"":true,""direction"":""ltr"",""countries"":[]}]",CD,COD,180,fr-CD,1,24h,EEEE d MMMM y,d MMMM y,d MMM y,dd/MM/y,HH:mm:ss zzzz,HH:mm:ss z,HH:mm:ss,HH:mm,yMMMMEEEEd,yMMMMd,yMMMd,yMMdd,HHmmsszzzz,HHmmssz,HHmmss,HHmm,janvier|février|mars|avril|mai|juin|juillet|août|septembre|octobre|novembre|décembre,janv.|févr.|mars|avr.|mai|juin|juil.|août|sept.|oct.|nov.|déc.,J|F|M|A|M|J|J|A|S|O|N|D,dimanche|lundi|mardi|mercredi|jeudi|vendredi|samedi,dim.|lun.|mar.|mer.|jeu.|ven.|sam.,D|L|M|M|J|V|S,AM|PM,UTC+01:00|UTC+02:00,UTC+01:00,+00:00,",", ,3,"#,##0.###","25,5 %","1 234 567,89",latn
République centrafricaine,Central African Republic,République centrafricaine,Bangui,🇨🇫,"[{""code"":""fr"",""iso639_2"":""fra"",""iso639_3"":""fra"",""name"":""French"",""nativeName"":""français"",""official"":true,""direction"":""ltr"",""countries"":[]},{""code"":""sg"",""iso639_2"":""sag"",""iso639_3"":""sag"",""name"":""Sango"",""nativeName"":""yângâ tî sängö"",""official"":true,""direction"":""ltr"",""countries"":[]}]",CF,CAF,140,fr-CF,1,24h,EEEE d MMMM y,d MMMM y,d MMM y,dd/MM/y,HH:mm:ss zzzz,HH:mm:ss z,HH:mm:ss,HH:mm,yMMMMEEEEd,yMMMMd,yMMMd,yMMdd,HHmmsszzzz,HHmmssz,HHmmss,HHmm,janvier|février|mars|avril|mai|juin|juillet|août|septembre|octobre|novembre|décembre,janv.|févr.|mars|avr.|mai|juin|juil.|août|sept.|oct.|nov.|déc.,J|F|M|A|M|J|J|A|S|O|N|D,dimanche|lundi|mardi|mercredi|jeudi|vendredi|samedi,dim.|lun.|mar.|mer.|jeu.|ven.|sam.,D|L|M|M|J|V|S,AM|PM,UTC+01:00,UTC+01:00,+00:00,",", ,3,"#,##0.###","25,5 %","1 234 567,89",latn
Congo-Brazzaville,Republic of the Congo,Congo-Brazzaville,Brazzaville,🇨🇬,"[{""code"":""fr"",""iso639_2"":""fra"",""iso639_3"":""fra"",""name"":""French"",""nativeName"":""français"",""official"":true,""direction"":""ltr"",""countries"":[]},{""code"":""ln"",""iso639_2"":""lin"",""iso639_3"":""lin"",""name"":""Lingala"",""nativeName"":""Lingála"",""official"":true,""direction"":""ltr"",""countries"":[]}]",CG,COG,178,fr-CG,1,24h,EEEE d MMMM y,d MMMM y,d MMM y,dd/MM/y,HH:mm:ss zzzz,HH:mm:ss z,HH:mm:ss,HH:mm,yMMMMEEEEd,yMMMMd,yMMMd,yMMdd,HHmmsszzzz,HHmmssz,HHmmss,HHmm,janvier|février|mars|avril|mai|juin|juillet|août|septembre|octobre|novembre|décembre,janv.|févr.|mars|avr.|mai|juin|juil.|août|sept.|oct.|nov.|déc.,J|F|M|A|M|J|J|A|S|O|N|D,dimanche|lundi|mardi|mercredi|jeudi|vendredi|samedi,dim.|lun.|mar.|mer.|jeu.|ven.|sam.,D|L|M|M|J|V|S,AM|PM,UTC+01:00,UTC+01:00,+00:00,",", ,3,"#,##0.###","25,5 %","1 234 567,89",latn
Schweiz,Swiss Confederation,Schweiz,Bern,🇨🇭,"[{""code"":""de"",""iso639_2"":""deu"",""iso639_3"":""deu"",""name"":""German"",""nativeName"":""Deutsch"",""official"":true,""direction"":""ltr"",""countries"":[]},{""code"":""fr"",""iso639_2"":""fra"",""iso639_3"":""fra"",""name"":""French"",""nativeName"":""français"",""official"":true,""direction"":""ltr"",""countries"":[]},{""code"":""it"",""iso639_2"":""ita"",""iso639_3"":""ita"",""name"":""Italian"",""nativeName"":""Italiano"",""official"":true,""direction"":""ltr"",""countries"":[]},{""code"":""rm"",""iso639_2"":""roh"",""iso639_3"":""roh"",""name"":""Romansh"",""nativeName"":""Rumantsch"",""official"":true,""direction"":""ltr"",""countries"":[]}]",CH,CHE,756,de-CH,1,24h,"EEEE, d. MMMM y",d. MMMM y,dd.MM.y,dd.MM.yy,HH:mm:ss zzzz,HH:mm:ss z,HH:mm:ss,HH:mm,yMMMMEEEEd,yMMMMd,yMMdd,yyMMdd,HHmmsszzzz,HHmmssz,HHmmss,HHmm,Januar|Februar|März|April|Mai|Juni|Juli|August|September|Oktober|November|Dezember,Jan.|Feb.|März|Apr.|Mai|Juni|Juli|Aug.|Sept.|Okt.|Nov.|Dez.,J|F|M|A|M|J|J|A|S|O|N|D,Sonntag|Montag|Dienstag|Mittwoch|Donnerstag|Freitag|Samstag,So.|Mo.|Di.|Mi.|Do.|Fr.|Sa.,S|M|D|M|D|F|S,AM|PM,UTC+01:00,UTC+01:00,+00:00,",",.,3,"#,##0.###",25.5%,1'234'567.89,latn
Côte d’Ivoire,Republic of Côte d'Ivoire,Côte d’Ivoire,Yamoussoukro,🇨🇮,"[{""code"":""fr"",""iso639_2"":""fra"",""iso639_3"":""fra"",""name"":""French"",""nativeName"":""français"",""official"":true,""direction"":""ltr"",""countries"":[]}]",CI,CIV,384,fr-CI,1,24h,EEEE d MMMM y,d MMMM y,d MMM y,dd/MM/y,HH:mm:ss zzzz,HH:mm:ss z,HH:mm:ss,HH:mm,yMMMMEEEEd,yMMMMd,yMMMd,yMMdd,HHmmsszzzz,HHmmssz,HHmmss,HHmm,janvier|février|mars|avril|mai|juin|juillet|août|septembre|octobre|novembre|décembre,janv.|févr.|mars|avr.|mai|juin|juil.|août|sept.|oct.|nov.|déc.,J|F|M|A|M|J|J|A|S|O|N|D,dimanche|lundi|mardi|mercredi|jeudi|vendredi|samedi,dim.|lun.|mar.|mer.|jeu.|ven.|sam.,D|L|M|M|J|V|S,AM|PM,UTC,UTC,+00:00,",", ,3,"#,##0.###","25,5 %","1 234 567,89",latn
Cook Islands,Cook Islands,Cook Islands,Avarua,🇨🇰,"[{""code"":""en"",""iso639_2"":""eng"",""iso639_3"":""eng"",""name"":""English"",""nativeName"":""English"",""official"":true,""direction"":""ltr"",""countries"":[]},{""code"":"""",""iso639_2"":""rar"",""iso639_3"":"""",""name"":""Cook Islands Māori"",""nativeName"":""Māori"",""official"":true,""direction"":""ltr"",""countries"":[]}]",CK,COK,184,en-CK,1,12h,"EEEE, MMMM d, y","MMMM d, y","MMM d, y",M/d/yy,h:mm:ss a zzzz,h:mm:ss a z,h:mm:ss a,h:mm a,yMMMMEEEEd,yMMMMd,yMMMd,yyMd,ahmmsszzzz,ahmmssz,ahmmss,ahmm,January|February|March|April|May|June|July|August|September|October|November|December,Jan|Feb|Mar|Apr|May|Jun|Jul|Aug|Sep|Oct|Nov|Dec,J|F|M|A|M|J|J|A|S|O|N|D,Sunday|Monday|Tuesday|Wednesday|Thursday|Friday|Saturday,Sun|Mon|Tue|Wed|Thu|Fri|Sat,S|M|T|W|T|F|S,AM|PM,UTC-10:00,UTC-10:00,+00:00,.,",",3,"#,##0.###",25.5%,"1,234,567.89",latn
Chile,Republic of Chile,Chile,Santiago,🇨🇱,"[{""code"":""es"",""iso639_2"":""spa"",""iso639_3"":""spa"",""name"":""Spanish"",""nativeName"":""Español"",""official"":true,""direction"":""ltr"",""countries"":[]}]",CL,CHL,152,es-CL,1,24h,"EEEE, d 'de' MMMM 'de' y",d 'de' MMMM 'de' y,d MMM y,d/M/yy,H:mm:ss (zzzz),H:mm:ss z,H:mm:ss,H:mm,yMMMMEEEEd,yMMMMd,yMMMd,yyMd,Hmmsszzzz,Hmmssz,Hmmss,Hmm,enero|febrero|marzo|abril|mayo|junio|julio|agosto|septiembre|octubre|noviembre|diciembre,ene|feb|mar|abr|may|jun|jul|ago|sept|oct|nov|dic,E|F|M|A|M|J|J|A|S|O|N|D,domingo|lunes|martes|miércoles|jueves|viernes|sábado,dom|lun|mar|mié|jue|vie|sáb,D|L|M|X|J|V|S,a. m.|p. m.,UTC-06:00|UTC-04:00,UTC-06:00,+00:00,",",.,3,"#,##0.###","25,5%","1.234.567,89",latn
Cameroon,Republic of Cameroon,Cameroon,Yaoundé,🇨🇲,"[{""code"":""en"",""iso639_2"":""eng"",""iso639_3"":""eng"",""name"":""English"",""nativeName"":""English"",""official"":true,""direction"":""ltr"",""countries"":[]},{""code"":""fr"",""iso639_2"":""fra"",""iso639_3"":""fra"",""name"":""French"",""nativeName"":""français"",""official"":true,""direction"":""ltr"",""countries"":[]}]",CM,CMR,120,en-CM,1,12h,"EEEE, MMMM d, y","MMMM d, y","MMM d, y",M/d/yy,h:mm:ss a zzzz,h:mm:ss a z,h:mm:ss a,h:mm a,yMMMMEEEEd,yMMMMd,yMMMd,yyMd,ahmmsszzzz,ahmmssz,ahmmss,ahmm,January|February|March|April|May|June|July|August|September|October|November|December,Jan|Feb|Mar|Apr|May|Jun|Jul|Aug|Sep|Oct|Nov|Dec,J|F|M|A|M|J|J|A|S|O|N|D,Sunday|Monday|Tuesday|Wednesday|Thursday|Friday|Saturday,Sun|Mon|Tue|Wed|Thu|Fri|Sat,S|M|T|W|T|F|S,AM|PM,UTC+01:00,UTC+01:00,+00:00,.,",",3,"#,##0.###",25.5%,"1,234,567.89",latn
中国,People's Republic of China,中国,Beijing,🇨🇳,"[{""code"":""zh"",""iso639_2"":""zho"",""iso639_3"":""zho"",""name"":""Chinese"",""nativeName"":""中文 (Zhōngwén)"",""official"":true,""direction"":""ltr"",""countries"":[]}]",CN,CHN,156,zh-CN,1,24h,y年M月d日EEEE,y年M月d日,y年M月d日,y/M/d,zzzz HH:mm:ss,z HH:mm:ss,HH:mm:ss,HH:mm,yMMMEEEEd,yMMMd,yMMMd,yMd,HHmmsszzzz,HHmmssz,HHmmss,HHmm,一月|二月|三月|四月|五月|六月|七月|八月|九月|十月|十一月|十二月,1月|2月|3月|4月|5月|6月|7月|8月|9月|10月|11月|12月,1|2|3|4|5|6|7|8|9|10|11|12,星期日|星期一|星期二|星期三|星期四|星期五|星期六,周日|周一|周二|周三|周四|周五|周六,日|一|二|三|四|五|六,上午|下午,UTC+08:00,UTC+08:00,+00:00,.,",",3,"#,##0.###",25.5%,"1,234,567.89",latn
Colombia,Republic of Colombia,Colombia,Bogotá,🇨🇴,"[{""code"":""es"",""iso639_2"":""spa"",""iso639_3"":""spa"",""name"":""Spanish"",""nativeName"":""Español"",""official"":true,""direction"":""ltr"",""countries"":[]}]",CO,COL,170,es-CO,7,24h,"EEEE, d 'de' MMMM 'de' y",d 'de' MMMM 'de' y,d MMM y,d/M/yy,H:mm:ss (zzzz),H:mm:ss z,H:mm:ss,H:mm,yMMMMEEEEd,yMMMMd,yMMMd,yyMd,Hmmsszzzz,Hmmssz,Hmmss,Hmm,enero|febrero|marzo|abril|mayo|junio|julio|agosto|septiembre|octubre|noviembre|diciembre,ene|feb|mar|abr|may|jun|jul|ago|sept|oct|nov|dic,E|F|M|A|M|J|J|A|S|O|N|D,domingo|lunes|martes|miércoles|jueves|viernes|sábado,dom|lun|mar|mié|jue|vie|sáb,D|L|M|X|J|V|S,a. m.|p. m.,UTC-05:00,UTC-05:00,+00:00,",",.,3,"#,##0.###","25,5%","1.234.567,89",latn
Costa Rica,Republic of Costa Rica,Costa Rica,San José,🇨🇷,"[{""code"":""es"",""iso639_2"":""spa"",""iso639_3"":""spa"",""name"":""Spanish"",""nativeName"":""Español"",""official"":true,""direction"":""ltr"",""countries"":[]}]",CR,CRI,188,es-CR,1,24h,"EEEE, d 'de' MMMM 'de' y",d 'de' MMMM 'de' y,d MMM y,d/M/yy,H:mm:ss (zzzz),H:mm:ss z,H:mm:ss,H:mm,yMMMMEEEEd,yMMMMd,yMMMd,yyMd,Hmmsszzzz,Hmmssz,Hmmss,Hmm,enero|febrero|marzo|abril|mayo|junio|julio|agosto|septiembre|octubre|noviembre|diciembre,ene|feb|mar|abr|may|jun|jul|ago|sept|oct|nov|dic,E|F|M|A|M|J|J|A|S|O|N|D,domingo|lunes|martes|miércoles|jueves|viernes|sábado,dom|lun|mar|mié|jue|vie|sáb,D|L|M|X|J|V|S,a. m.|p. m.,UTC-06:00,UTC-06:00,+00:00,",",.,3,"#,##0.###","25,5%","1 234 567,89",latn
Cuba,Republic of Cuba,Cuba,Havana,🇨🇺,"[{""code"":""es"",""iso639_2"":""spa"",""iso639_3"":""spa"",""name"":""Spanish"",""nativeName"":""Español"",""official"":true,""direction"":""ltr"",""countries"":[]}]",CU,CUB,192,es-CU,1,24h,"EEEE, d 'de' MMMM 'de' y",d 'de' MMMM 'de' y,d MMM y,d/M/yy,H:mm:ss (zzzz),H:mm:ss z,H:mm:ss,H:mm,yMMMMEEEEd,yMMMMd,yMMMd,yyMd,Hmmsszzzz,Hmmssz,Hmmss,Hmm,enero|febrero|marzo|abril|mayo|junio|julio|agosto|septiembre|octubre|noviembre|diciembre,ene|feb|mar|abr|may|jun|jul|ago|sept|oct|nov|dic,E|F|M|A|M|J|J|A|S|O|N|D,domingo|lunes|martes|miércoles|jueves|viernes|sábado,dom|lun|mar|mié|jue|vie|sáb,D|L|M|X|J|V|S,a. m.|p. m.,UTC-05:00,UTC-05:00,+00:00,",",.,3,"#,##0.###",25.5%,"1,234,567.89",latn
Cabo Verde,Republic of Cabo Verde,Cabo Verde,Praia,🇨🇻,"[{""code"":""pt"",""iso639_2"":""por"",""iso639_3"":""por"",""name"":""Portuguese"",""nativeName"":""Português"",""official"":true,""direction"":""ltr"",""countries"":[]}]",CV,CPV,132,pt-CV,1,24h,"EEEE, d 'de' MMMM 'de' y",d 'de' MMMM 'de' y,d 'de' MMM 'de' y,dd/MM/y,HH:mm:ss zzzz,HH:mm:ss z,HH:mm:ss,HH:mm,yMMMMEEEEd,yMMMMd,yMMMd,yMMdd,HHmmsszzzz,HHmmssz,HHmmss,HHmm,janeiro|fevereiro|março|abril|maio|junho|julho|agosto|setembro|outubro|novembro|dezembro,jan.|fev.|mar.|abr.|mai.|jun.|jul.|ago.|set.|out.|nov.|dez.,J|F|M|A|M|J|J|A|S|O|N|D,domingo|segunda-feira|terça-feira|quarta-feira|quinta-feira|sexta-feira|sábado,dom.|seg.|ter.|qua.|qui.|sex.|sáb.,D|S|T|Q|Q|S|S,AM|PM,UTC-01:00,UTC-01:00,+00:00,",",.,3,"#,##0.###","25,5%","1 234 567,89",latn
Curaçao,Country of Curaçao,Curaçao,Willemstad,🇨🇼,"[{""code"":""nl"",""iso639_2"":""nld"",""iso639_3"":""nld"",""name"":""Dutch"",""nativeName"":""Nederlands"",""official"":true,""direction"":""ltr"",""countries"":[]},{""code"":""pa"",""iso639_2"":""pan"",""iso639_3"":""pan"",""name"":""(Eastern) Punjabi"",""nativeName"":""ਪੰਜਾਬੀ"",""official"":true,""direction"":""ltr"",""countries"":[]},{""code"":""en"",""iso639_2"":""eng"",""iso639_3"":""eng"",""name"":""English"",""nativeName"":""English"",""official"":true,""direction"":""ltr"",""countries"":[]}]",CW,CUW,531,nl-CW,1,24h,EEEE d MMMM y,d MMMM y,d MMM y,dd-MM-y,HH:mm:ss zzzz,HH:mm:ss z,HH:mm:ss,HH:mm,yMMMMEEEEd,yMMMMd,yMMMd,yMMdd,HHmmsszzzz,HHmmssz,HHmmss,HHmm,januari|februari|maart|april|mei|juni|juli|augustus|september|oktober|november|december,jan|feb|mrt|apr|mei|jun|jul|aug|sep|okt|nov|dec,J|F|M|A|M|J|J|A|S|O|N|D,zondag|maandag|dinsdag|woensdag|donderdag|vrijdag|zaterdag,zo|ma|di|wo|do|vr|za,Z|M|D|W|D|V|Z,a.m.|p.m.,UTC-04:00,UTC-04:00,+00:00,",",.,3,"#,##0.###","25,5%","1.234.567,89",latn
Christmas Island,Territory of Christmas Island,Christmas Island,Flying Fish Cove,🇨🇽,"[{""code"":""en"",""iso639_2"":""eng"",""iso639_3"":""eng"",""name"":""English"",""nativeName"":""English"",""official"":true,""direction"":""ltr"",""countries"":[]}]",CX,CXR,162,en-CX,1,12h,"EEEE, MMMM d, y","MMMM d, y","MMM d, y",M/d/yy,h:mm:ss a zzzz,h:mm:ss a z,h:mm:ss a,h:mm a,yMMMMEEEEd,yMMMMd,yMMMd,yyMd,ahmmsszzzz,ahmmssz,ahmmss,ahmm,January|February|March|April|May|June|July|August|September|October|November|December,Jan|Feb|Mar|Apr|May|Jun|Jul|Aug|Sep|Oct|Nov|Dec,J|F|M|A|M|J|J|A|S|O|N|D,Sunday|Monday|Tuesday|Wednesday|Thursday|Friday|Saturday,Sun|Mon|Tue|Wed|Thu|Fri|Sat,S|M|T|W|T|F|S,AM|PM,UTC+07:00,UTC+07:00,+00:00,.,",",3,"#,##0.###",25.5%,"1,234,567.89",latn
Κύπρος,Republic of Cyprus,Κύπρος,Nicosia,🇨🇾,"[{""code"":""el"",""iso639_2"":""ell"",""iso639_3"":""ell"",""name"":""Greek (modern)"",""nativeName"":""ελληνικά"",""official"":true,""direction"":""ltr"",""countries"":[]},{""code"":""tr"",""iso639_2"":""tur"",""iso639_3"":""tur"",""name"":""Turkish"",""nativeName"":""Türkçe"",""official"":true,""direction"":""ltr"",""countries"":[]},{""code"":""hy"",""iso639_2"":""hye"",""iso639_3"":""hye"",""name"":""Armenian"",""nativeName"":""Հայերեն"",""official"":true,""direction"":""ltr"",""countries"":[]}]",CY,CYP,196,el-CY,1,12h,EEEE d MMMM y,d MMMM y,d MMM y,d/M/yy,h:mm:ss a zzzz,h:mm:ss a z,h:mm:ss a,h:mm a,yMMMMEEEEd,yMMMMd,yMMMd,yyMd,ahmmsszzzz,ahmmssz,ahmmss,ahmm,Ιανουαρίου|Φεβρουαρίου|Μαρτίου|Απριλίου|Μαΐου|Ιουνίου|Ιουλίου|Αυγούστου|Σεπτεμβρίου|Οκτωβρίου|Νοεμβρίου|Δεκεμβρίου,Ιαν|Φεβ|Μαρ|Απρ|Μαΐ|Ιουν|Ιουλ|Αυγ|Σεπ|Οκτ|Νοε|Δεκ,Ι|Φ|Μ|Α|Μ|Ι|Ι|Α|Σ|Ο|Ν|Δ,Κυριακή|Δευτέρα|Τρίτη|Τετάρτη|Πέμπτη|Παρασκευή|Σάββατο,Κυρ|Δευ|Τρί|Τετ|Πέμ|Παρ|Σάβ,Κ|Δ|Τ|Τ|Π|Π|Σ,π.μ.|μ.μ.,UTC+02:00,UTC+02:00,+00:00,",",.,3,"#,##0.###","25,5%","1.234.567,89",latn
Česko,Czech Republic,Česko,Prague,🇨🇿,"[{""code"":""cs"",""iso639_2"":""ces"",""iso639_3"":""ces"",""name"":""Czech"",""nativeName"":""čeština"",""official"":true,""direction"":""ltr"",""countries"":[]},{""code"":""sk"",""iso639_2"":""slk"",""iso639_3"":""slk"",""name"":""Slovak"",""nativeName"":""slovenčina"",""official"":true,""direction"":""ltr"",""countries"":[]}]",CZ,CZE,203,cs-CZ,1,24h,EEEE d. MMMM y,d. MMMM y,d. M. y,dd.MM.yy,"H:mm:ss, zzzz",H:mm:ss z,H:mm:ss,H:mm,yMMMMEEEEd,yMMMMd,yMd,yyMMdd,Hmmsszzzz,Hmmssz,Hmmss,Hmm,ledna|února|března|dubna|května|června|července|srpna|září|října|listopadu|prosince,led|úno|bře|dub|kvě|čvn|čvc|srp|zář|říj|lis|pro,1|2|3|4|5|6|7|8|9|10|11|12,neděle|pondělí|úterý|středa|čtvrtek|pátek|sobota,ne|po|út|st|čt|pá|so,N|P|Ú|S|Č|P|S,dop.|odp.,UTC+01:00,UTC+01:00,+00:00,",", ,3,"#,##0.###","25,5 %","1 234 567,89",latn
Deutschland,Federal Republic of Germany,Deutschland,Berlin,🇩🇪,"[{""code"":""de"",""iso639_2"":""deu"",""iso639_3"":""deu"",""name"":""German"",""nativeName"":""Deutsch"",""official"":true,""direction"":""ltr"",""countries"":[]}]",DE,DEU,276,de-DE,1,24h,"EEEE, d. MMMM y",d. MMMM y,dd.MM.y,dd.MM.yy,HH:mm:ss zzzz,HH:mm:ss z,HH:mm:ss,HH:mm,yMMMMEEEEd,yMMMMd,yMMdd,yyMMdd,HHmmsszzzz,HHmmssz,HHmmss,HHmm,Januar|Februar|März|April|Mai|Juni|Juli|August|September|Oktober|November|Dezember,Jan.|Feb.|März|Apr.|Mai|Juni|Juli|Aug.|Sept.|Okt.|Nov.|Dez.,J|F|M|A|M|J|J|A|S|O|N|D,Sonntag|Montag|Dienstag|Mittwoch|Donnerstag|Freitag|Samstag,So.|Mo.|Di.|Mi.|Do.|Fr.|Sa.,S|M|D|M|D|F|S,AM|PM,UTC+01:00,UTC+01:00,+00:00,",",.,3,"#,##0.###","25,5 %","1.234.567,89",latn
Djibouti,Republic of Djibouti,Djibouti,Djibouti,🇩🇯,"[{""code"":""fr"",""iso639_2"":""fra"",""iso639_3"":""fra"",""name"":""French"",""nativeName"":""français"",""official"":true,""direction"":""ltr"",""countries"":[]},{""code"":""ar"",""iso639_2"":""ara"",""iso639_3"":""ara"",""name"":""Arabic"",""nativeName"":""العربية"",""official"":true,""direction"":""ltr"",""countries"":[]}]",DJ,DJI,262,fr-DJ,6,24h,EEEE d MMMM y,d MMMM y,d MMM y,dd/MM/y,HH:mm:ss zzzz,HH:mm:ss z,HH:mm:ss,HH:mm,yMMMMEEEEd,yMMMMd,yMMMd,yMMdd,HHmmsszzzz,HHmmssz,HHmmss,HHmm,janvier|février|mars|avril|mai|juin|juillet|août|septembre|octobre|novembre|décembre,janv.|févr.|mars|avr.|mai|juin|juil.|août|sept.|oct.|nov.|déc.,J|F|M|A|M|J|J|A|S|O|N|D,dimanche|lundi|mardi|mercredi|jeudi|vendredi|samedi,dim.|lun.|mar.|mer.|jeu.|ven.|sam.,D|L|M|M|J|V|S,AM|PM,UTC+03:00,UTC+03:00,+00:00,",", ,3,"#,##0.###","25,5 %","1 234 567,89",latn
Danmark,Kingdom of Denmark,Danmark,Copenhagen,🇩🇰,"[{""code"":""da"",""iso639_2"":""dan"",""iso639_3"":""dan"",""name"":""Danish"",""nativeName"":""dansk"",""official"":true,""direction"":""ltr"",""countries"":[]}]",DK,DNK,208,da-DK,1,24h,EEEE 'den' d. MMMM y,d. MMMM y,d. MMM y,dd.MM.y,HH.mm.ss zzzz,HH.mm.ss z,HH.mm.ss,HH.mm,yMMMMEEEEd,yMMMMd,yMMMd,yMMdd,HHmmsszzzz,HHmmssz,HHmmss,HHmm,januar|februar|marts|april|maj|juni|juli|august|september|oktober|november|december,jan.|feb.|mar.|apr.|maj|jun.|jul.|aug.|sep.|okt.|nov.|dec.,J|F|M|A|M|J|J|A|S|O|N|D,søndag|mandag|tirsdag|onsdag|torsdag|fredag|lørdag,søn.|man.|tirs.|ons.|tors.|fre.|lør.,S|M|T|O|T|F|L,AM|PM,UTC-04:00|UTC-03:00|UTC-01:00|UTC|UTC+01:00,UTC-04:00,+00:00,",",.,3,"#,##0.###","25,5 %","1.234.567,89",latn
Dominica,Commonwealth of Dominica,Dominica,Roseau,🇩🇲,"[{""code"":""en"",""iso639_2"":""eng"",""iso639_3"":""eng"",""name"":""English"",""nativeName"":""English"",""official"":true,""direction"":""ltr"",""countries"":[]}]",DM,DMA,212,en-DM,7,12h,"EEEE, MMMM d, y","MMMM d, y","MMM d, y",M/d/yy,h:mm:ss a zzzz,h:mm:ss a z,h:mm:ss a,h:mm a,yMMMMEEEEd,yMMMMd,yMMMd,yyMd,ahmmsszzzz,ahmmssz,ahmmss,ahmm,January|February|March|April|May|June|July|August|September|October|November|December,Jan|Feb|Mar|Apr|May|Jun|Jul|Aug|Sep|Oct|Nov|Dec,J|F|M|A|M|J|J|A|S|O|N|D,Sunday|Monday|Tuesday|Wednesday|Thursday|Friday|Saturday,Sun|Mon|Tue|Wed|Thu|Fri|Sat,S|M|T|W|T|F|S,AM|PM,UTC-04:00,UTC-04:00,+00:00,.,",",3,"#,##0.###",25.5%,"1,234,567.89",latn
República Dominicana,Dominican Republic,República Dominicana,Santo Domingo,🇩🇴,"[{""code"":""es"",""iso639_2"":""spa"",""iso639_3"":""spa"",""name"":""Spanish"",""nativeName"":""Español"",""official"":true,""direction"":""ltr"",""countries"":[]}]",DO,DOM,214,es-DO,7,24h,"EEEE, d 'de' MMMM 'de' y",d 'de' MMMM 'de' y,d MMM y,d/M/yy,H:mm:ss (zzzz),H:mm:ss z,H:mm:ss,H:mm,yMMMMEEEEd,yMMMMd,yMMMd,yyMd,Hmmsszzzz,Hmmssz,Hmmss,Hmm,enero|febrero|marzo|abril|mayo|junio|julio|agosto|septiembre|octubre|noviembre|diciembre,ene|feb|mar|abr|may|jun|jul|ago|sept|oct|nov|dic,E|F|M|A|M|J|J|A|S|O|N|D,domingo|lunes|martes|miércoles|jueves|viernes|sábado,dom|lun|mar|mié|jue|vie|sáb,D|L|M|X|J|V|S,a. m.|p. m.,UTC-04:00,UTC-04:00,+00:00,",",.,3,"#,##0.###",25.5%,"1,234,567.89",latn
الجزائر,People's Democratic Republic of Algeria,الجزائر,Algiers,🇩🇿,"[{""code"":""ar"",""iso639_2"":""ara"",""iso639_3"":""ara"",""name"":""Arabic"",""nativeName"":""العربية"",""official"":true,""direction"":""ltr"",""countries"":[]}]",DZ,DZA,12,ar-DZ,6,12h,EEEE، d MMMM y,d MMMM y,dd‏/MM‏/y,d‏/M‏/y,h:mm:ss a zzzz,h:mm:ss a z,h:mm:ss a,h:mm a,yMMMMEEEEd,yMMMMd,yMMdd,yMd,ahmmsszzzz,ahmmssz,ahmmss,ahmm,يناير|فبراير|مارس|أبريل|مايو|يونيو|يوليو|أغسطس|سبتمبر|أكتوبر|نوفمبر|ديسمبر,يناير|فبراير|مارس|أبريل|مايو|يونيو|يوليو|أغسطس|سبتمبر|أكتوبر|نوفمبر|ديسمبر,ي|ف|م|أ|و|ن|ل|غ|س|ك|ب|د,الأحد|الاثنين|الثلاثاء|الأربعاء|الخميس|الجمعة|السبت,الأحد|الاثنين|الثلاثاء|الأربعاء|الخميس|الجمعة|السبت,ح|ن|ث|ر|خ|ج|س,ص|م,UTC+01:00,UTC+01:00,+00:00,.,",",3,"#,##0.###","25,5‎%‎","1.234.567,89",latn
Ecuador,Republic of Ecuador,Ecuador,Quito,🇪🇨,"[{""code"":""es"",""iso639_2"":""spa"",""iso639_3"":""spa"",""name"":""Spanish"",""nativeName"":""Español"",""official"":true,""direction"":""ltr"",""countries"":[]}]",EC,ECU,218,es-EC,1,24h,"EEEE, d 'de' MMMM 'de' y",d 'de' MMMM 'de' y,d MMM y,d/M/yy,H:mm:ss (zzzz),H:mm:ss z,H:mm:ss,H:mm,yMMMMEEEEd,yMMMMd,yMMMd,yyMd,Hmmsszzzz,Hmmssz,Hmmss,Hmm,enero|febrero|marzo|abril|mayo|junio|julio|agosto|septiembre|octubre|noviembre|diciembre,ene|feb|mar|abr|may|jun|jul|ago|sept|oct|nov|dic,E|F|M|A|M|J|J|A|S|O|N|D,domingo|lunes|martes|miércoles|jueves|viernes|sábado,dom|lun|mar|mié|jue|vie|sáb,D|L|M|X|J|V|S,a. m.|p. m.,UTC-06:00|UTC-05:00,UTC-06:00,+00:00,",",.,3,"#,##0.###","25,5%","1.234.567,89",latn
Eesti,Republic of Estonia,Eesti,Tallinn,🇪🇪,"[{""code"":""et"",""iso639_2"":""est"",""iso639_3"":""est"",""name"":""Estonian"",""nativeName"":""eesti"",""official"":true,""direction"":""ltr"",""countries"":[]}]",EE,EST,233,et-EE,1,24h,"EEEE, d. MMMM y",d. MMMM y,d. MMM y,dd.MM.yy,HH:mm:ss zzzz,HH:mm:ss z,HH:mm:ss,HH:mm,yMMMMEEEEd,yMMMMd,yMMMd,yyMMdd,HHmmsszzzz,HHmmssz,HHmmss,HHmm,jaanuar|veebruar|märts|aprill|mai|juuni|juuli|august|september|oktoober|november|detsember,jaan|veebr|märts|apr|mai|juuni|juuli|aug|sept|okt|nov|dets,J|V|M|A|M|J|J|A|S|O|N|D,pühapäev|esmaspäev|teisipäev|kolmapäev|neljapäev|reede|laupäev,P|E|T|K|N|R|L,P|E|T|K|N|R|L,AM|PM,UTC+02:00,UTC+02:00,+00:00,",", ,3,"#,##0.###","25,5%","1 234 567,89",latn
مصر,Arab Republic of Egypt,مصر,Cairo,🇪🇬,"[{""code"":""ar"",""iso639_2"":""ara"",""iso639_3"":""ara"",""name"":""Arabic"",""nativeName"":""العربية"",""official"":true,""direction"":""ltr"",""countries"":[]}]",EG,EGY,818,ar-EG,6,12h,EEEE، d MMMM y,d MMMM y,dd‏/MM‏/y,d‏/M‏/y,h:mm:ss a zzzz,h:mm:ss a z,h:mm:ss a,h:mm a,yMMMMEEEEd,yMMMMd,yMMdd,yMd,ahmmsszzzz,ahmmssz,ahmmss,ahmm,يناير|فبراير|مارس|أبريل|مايو|يونيو|يوليو|أغسطس|سبتمبر|أكتوبر|نوفمبر|ديسمبر,يناير|فبراير|مارس|أبريل|مايو|يونيو|يوليو|أغسطس|سبتمبر|أكتوبر|نوفمبر|ديسمبر,ي|ف|م|أ|و|ن|ل|غ|س|ك|ب|د,الأحد|الاثنين|الثلاثاء|الأربعاء|الخميس|الجمعة|السبت,الأحد|الاثنين|الثلاثاء|الأربعاء|الخميس|الجمعة|السبت,ح|ن|ث|ر|خ|ج|س,ص|م,UTC+02:00,UTC+02:00,+00:00,.,",",3,"#,##0.###",٢٥٫٥٪؜,١٬٢٣٤٬٥٦٧٫٨٩,latn
Sáhara Occidental,Sahrawi Arab Democratic Republic,Sáhara Occidental,El Aaiún,🇪🇭,"[{""code"":""es"",""iso639_2"":""spa"",""iso639_3"":""spa"",""name"":""Spanish"",""nativeName"":""Español"",""official"":true,""direction"":""ltr"",""countries"":[]}]",EH,ESH,732,es-EH,1,24h,"EEEE, d 'de' MMMM 'de' y",d 'de' MMMM 'de' y,d MMM y,d/M/yy,H:mm:ss (zzzz),H:mm:ss z,H:mm:ss,H:mm,yMMMMEEEEd,yMMMMd,yMMMd,yyMd,Hmmsszzzz,Hmmssz,Hmmss,Hmm,enero|febrero|marzo|abril|mayo|junio|julio|agosto|septiembre|octubre|noviembre|diciembre,ene|feb|mar|abr|may|jun|jul|ago|sept|oct|nov|dic,E|F|M|A|M|J|J|A|S|O|N|D,domingo|lunes|martes|miércoles|jueves|viernes|sábado,dom|lun|mar|mié|jue|vie|sáb,D|L|M|X|J|V|S,a. m.|p. m.,UTC+00:00,UTC+00:00,+00:00,",",.,3,"#,##0.###","25,5 %","1.234.567,89",latn
ኤርትራ,State of Eritrea,ኤርትራ,Asmara,🇪🇷,"[{""code"":""ti"",""iso639_2"":""tir"",""iso639_3"":""tir"",""name"":""Tigrinya"",""nativeName"":""ትግርኛ"",""official"":true,""direction"":""ltr"",""countries"":[]},{""code"":""ar"",""iso639_2"":""ara"",""iso639_3"":""ara"",""name"":""Arabic"",""nativeName"":""العربية"",""official"":true,""direction"":""ltr"",""countries"":[]},{""code"":""en"",""iso639_2"":""eng"",""iso639_3"":""eng"",""name"":""English"",""nativeName"":""English"",""official"":true,""direction"":""ltr"",""countries"":[]},{""code"":"""",""iso639_2"":""tig"",""iso639_3"":"""",""name"":""Tigre"",""nativeName"":""ትግረ"",""official"":true,""direction"":""ltr"",""countries"":[]},{""code"":"""",""iso639_2"":""kun"",""iso639_3"":"""",""name"":""Kunama"",""nativeName"":""Kunama"",""official"":true,""direction"":""ltr"",""countries"":[]},{""code"":"""",""iso639_2"":""ssy"",""iso639_3"":"""",""name"":""Saho"",""nativeName"":""Saho"",""official"":true,""direction"":""ltr"",""countries"":[]},{""code"":"""",""iso639_2"":""byn"",""iso639_3"":"""",""name"":""Bilen"",""nativeName"":""ብሊና"",""official"":true,""direction"":""ltr"",""countries"":[]},{""code"":"""",""iso639_2"":""nrb"",""iso639_3"":"""",""name"":""Nara"",""nativeName"":""Nara"",""official"":true,""direction"":""ltr"",""countries"":[]},{""code"":""aa"",""iso639_2"":""aar"",""iso639_3"":""aar"",""name"":""Afar"",""nativeName"":""Afar"",""official"":true,""direction"":""ltr"",""countries"":[]}]",ER,ERI,232,ti-ER,1,12h,EEEE፣ d MMMM y,"MMMM d, y","MMM d, y",M/d/yy,h:mm:ss a zzzz,h:mm:ss a z,h:mm:ss a,h:mm a,GyMMMMEEEEdd,yMMMMdd,yMMMdd,yyMMdd,ahmmsszzzz,ahmmssz,ahmmss,ahmm,ጥሪ|ለካቲት|መጋቢት|ሚያዝያ|ጉንበት|ሰነ|ሓምለ|ነሓሰ|መስከረም|ጥቅምቲ|ሕዳር|ታሕሳስ,ጥሪ|ለካ|መጋ|ሚያ|ግን|ሰነ|ሓም|ነሓ|መስ|ጥቅ|ሕዳ|ታሕ,ጥ|ለ|መ|ሚ|ግ|ሰ|ሓ|ነ|መ|ጥ|ሕ|ታ,ሰንበት|ሰኑይ|ሰሉስ|ረቡዕ|ሓሙስ|ዓርቢ|ቀዳም,ሰን|ሰኑ|ሰሉ|ረቡ|ሓሙ|ዓር|ቀዳ,ሰ|ሰ|ሰ|ረ|ሓ|ዓ|ቀ,ቅ.ቀ.|ድ.ቀ.,UTC+03:00,UTC+03:00,+00:00,.,",",3,"#,##0.###",25.5%,"1,234,567.89",latn
España,Kingdom of Spain,España,Madrid,🇪🇸,"[{""code"":""es"",""iso639_2"":""spa"",""iso639_3"":""spa"",""name"":""Spanish"",""nativeName"":""Español"",""official"":true,""direction"":""ltr"",""countries"":[]}]",ES,ESP,724,es-ES,1,24h,"EEEE, d 'de' MMMM 'de' y",d 'de' MMMM 'de' y,d MMM y,d/M/yy,H:mm:ss (zzzz),H:mm:ss z,H:mm:ss,H:mm,yMMMMEEEEd,yMMMMd,yMMMd,yyMd,Hmmsszzzz,Hmmssz,Hmmss,Hmm,enero|febrero|marzo|abril|mayo|junio|julio|agosto|septiembre|octubre|noviembre|diciembre,ene|feb|mar|abr|may|jun|jul|ago|sept|oct|nov|dic,E|F|M|A|M|J|J|A|S|O|N|D,domingo|lunes|martes|miércoles|jueves|viernes|sábado,dom|lun|mar|mié|jue|vie|sáb,D|L|M|X|J|V|S,a. m.|p. m.,UTC|UTC+01:00,UTC,+00:00,",",.,3,"#,##0.###","25,5 %","1.234.567,89",latn
ኢትዮጵያ,Federal Democratic Republic of Ethiopia,ኢትዮጵያ,Addis Ababa,🇪🇹,"[{""code"":""am"",""iso639_2"":""amh"",""iso639_3"":""amh"",""name"":""Amharic"",""nativeName"":""አማርኛ"",""official"":true,""direction"":""ltr"",""countries"":[]}]",ET,ETH,231,am-ET,7,12h,EEEE d MMMM y,d MMMM y,d MMM y,dd/MM/y,h:mm:ss a zzzz,h:mm:ss a z,h:mm:ss a,h:mm a,yMMMMEEEEd,yMMMMd,yMMMd,yMMdd,ahmmsszzzz,ahmmssz,ahmmss,ahmm,ጃንዋሪ|ፌብሩዋሪ|ማርች|ኤፕሪል|ሜይ|ጁን|ጁላይ|ኦገስት|ሴፕቴምበር|ኦክቶበር|ኖቬምበር|ዲሴምበር,ጃን|ፌብ|ማርች|ኤፕሪ|ሜይ|ጁን|ጁላይ|ኦገስ|ሴፕቴ|ኦክቶ|ኖቬም|ዲሴም,ጃ|ፌ|ማ|ኤ|ሜ|ጁ|ጁ|ኦ|ሴ|ኦ|ኖ|ዲ,እሑድ|ሰኞ|ማክሰኞ|ረቡዕ|ሐሙስ|ዓርብ|ቅዳሜ,እሑድ|ሰኞ|ማክሰ|ረቡዕ|ሐሙስ|ዓርብ|ቅዳሜ,እ|ሰ|ማ|ረ|ሐ|ዓ|ቅ,ጥዋት|ከሰዓት,UTC+03:00,UTC+03:00,+00:00,.,",",3,"#,##0.###",25.5%,"1,234,567.89",latn
Suomi,Republic of Finland,Suomi,Helsinki,🇫🇮,"[{""code"":""fi"",""iso639_2"":""fin"",""iso639_3"":""fin"",""name"":""Finnish"",""nativeName"":""suomi"",""official"":true,""direction"":""ltr"",""countries"":[]},{""code"":""sv"",""iso639_2"":""swe"",""iso639_3"":""swe"",""name"":""Swedish"",""nativeName"":""svenska"",""official"":true,""direction"":""ltr"",""countries"":[]}]",FI,FIN,246,fi-FI,1,24h,cccc d. MMMM y,d. MMMM y,d.M.y,d.M.y,H.mm.ss zzzz,H.mm.ss z,H.mm.ss,H.mm,yMMMMccccd,yMMMMd,yMd,yMd,Hmmsszzzz,Hmmssz,Hmmss,Hmm,tammikuuta|helmikuuta|maaliskuuta|huhtikuuta|toukokuuta|kesäkuuta|heinäkuuta|elokuuta|syyskuuta|lokakuuta|marraskuuta|joulukuuta,tammi|helmi|maalis|huhti|touko|kesä|heinä|elo|syys|loka|marras|joulu,T|H|M|H|T|K|H|E|S|L|M|J,sunnuntaina|maanantaina|tiistaina|keskiviikkona|torstaina|perjantaina|lauantaina,su|ma|ti|ke|to|pe|la,S|M|T|K|T|P|L,ap.|ip.,UTC+02:00,UTC+02:00,+00:00,",", ,3,"#,##0.###","25,5 %","1 234 567,89",latn
Fiji,Republic of Fiji,Fiji,Suva,🇫🇯,"[{""code"":""en"",""iso639_2"":""eng"",""iso639_3"":""eng"",""name"":""English"",""nativeName"":""English"",""official"":true,""direction"":""ltr"",""countries"":[]},{""code"":""fj"",""iso639_2"":""fij"",""iso639_3"":""fij"",""name"":""Fijian"",""nativeName"":""vosa Vakaviti"",""official"":true,""direction"":""ltr"",""countries"":[]},{""code"":"""",""iso639_2"":""hif"",""iso639_3"":"""",""name"":""Fiji Hindi"",""nativeName"":""फ़िजी बात"",""official"":true,""direction"":""ltr"",""countries"":[]},{""code"":"""",""iso639_2"":""rtm"",""iso639_3"":"""",""name"":""Rotuman"",""nativeName"":""Fäeag Rotuma"",""official"":true,""direction"":""ltr"",""countries"":[]}]",FJ,FJI,242,en-FJ,1,12h,"EEEE, MMMM d, y","MMMM d, y","MMM d, y",M/d/yy,h:mm:ss a zzzz,h:mm:ss a z,h:mm:ss a,h:mm a,yMMMMEEEEd,yMMMMd,yMMMd,yyMd,ahmmsszzzz,ahmmssz,ahmmss,ahmm,January|February|March|April|May|June|July|August|September|October|November|December,Jan|Feb|Mar|Apr|May|Jun|Jul|Aug|Sep|Oct|Nov|Dec,J|F|M|A|M|J|J|A|S|O|N|D,Sunday|Monday|Tuesday|Wednesday|Thursday|Friday|Saturday,Sun|Mon|Tue|Wed|Thu|Fri|Sat,S|M|T|W|T|F|S,AM|PM,UTC+12:00,UTC+12:00,+00:00,.,",",3,"#,##0.###",25.5%,"1,234,567.89",latn
Falkland Islands,Falkland Islands,Falkland Islands,Stanley,🇫🇰,"[{""code"":""en"",""iso639_2"":""eng"",""iso639_3"":""eng"",""name"":""English"",""nativeName"":""English"",""official"":true,""direction"":""ltr"",""countries"":[]}]",FK,FLK,238,en-FK,1,12h,"EEEE, MMMM d, y","MMMM d, y","MMM d, y",M/d/yy,h:mm:ss a zzzz,h:mm:ss a z,h:mm:ss a,h:mm a,yMMMMEEEEd,yMMMMd,yMMMd,yyMd,ahmmsszzzz,ahmmssz,ahmmss,ahmm,January|February|March|April|May|June|July|August|September|October|November|December,Jan|Feb|Mar|Apr|May|Jun|Jul|Aug|Sep|Oct|Nov|Dec,J|F|M|A|M|J|J|A|S|O|N|D,Sunday|Monday|Tuesday|Wednesday|Thursday|Friday|Saturday,Sun|Mon|Tue|Wed|Thu|Fri|Sat,S|M|T|W|T|F|S,AM|PM,UTC-04:00,UTC-04:00,+00:00,.,",",3,"#,##0.###",25.5%,"1,234,567.89",latn
Micronesia,Federated States of Micronesia,Micronesia,Palikir,🇫🇲,"[{""code"":""en"",""iso639_2"":""eng"",""iso639_3"":""eng"",""name"":""English"",""nativeName"":""English"",""official"":true,""direction"":""ltr"",""countries"":[]}]",FM,FSM,583,en-FM,1,12h,"EEEE, MMMM d, y","MMMM d, y","MMM d, y",M/d/yy,h:mm:ss a zzzz,h:mm:ss a z,h:mm:ss a,h:mm a,yMMMMEEEEd,yMMMMd,yMMMd,yyMd,ahmmsszzzz,ahmmssz,ahmmss,ahmm,January|February|March|April|May|June|July|August|September|October|November|December,Jan|Feb|Mar|Apr|May|Jun|Jul|Aug|Sep|Oct|Nov|Dec,J|F|M|A|M|J|J|A|S|O|N|D,Sunday|Monday|Tuesday|Wednesday|Thursday|Friday|Saturday,Sun|Mon|Tue|Wed|Thu|Fri|Sat,S|M|T|W|T|F|S,AM|PM,UTC+10:00|UTC+11:00,UTC+10:00,+00:00,.,",",3,"#,##0.###",25.5%,"1,234,567.89",latn
Føroyar,Faroe Islands,Føroyar,Tórshavn,🇫🇴,"[{""code"":""fo"",""iso639_2"":""fao"",""iso639_3"":""fao"",""name"":""Faroese"",""nativeName"":""føroyskt"",""official"":true,""direction"":""ltr"",""countries"":[]}]",FO,FRO,234,fo-FO,1,24h,"EEEE, d. MMMM y",d. MMMM y,dd.MM.y,dd.MM.yy,HH:mm:ss zzzz,HH:mm:ss z,HH:mm:ss,HH:mm,yMMMMEEEEd,yMMMMd,yMMdd,yyMMdd,HHmmsszzzz,HHmmssz,HHmmss,HHmm,januar|februar|mars|apríl|mai|juni|juli|august|september|oktober|november|desember,jan.|feb.|mar.|apr.|mai|jun.|jul.|aug.|sep.|okt.|nov.|des.,J|F|M|A|M|J|J|A|S|O|N|D,sunnudagur|mánadagur|týsdagur|mikudagur|hósdagur|fríggjadagur|leygardagur,sun.|mán.|týs.|mik.|hós.|frí.|ley.,S|M|T|M|H|F|L,AM|PM,UTC+00:00,UTC+00:00,+00:00,",",.,3,"#,##0.###","25,5 %","1.234.567,89",latn
France,French Republic,France,Paris,🇫🇷,"[{""code"":""fr"",""iso639_2"":""fra"",""iso639_3"":""fra"",""name"":""French"",""nativeName"":""français"",""official"":true,""direction"":""ltr"",""countries"":[]}]",FR,FRA,250,fr-FR,1,24h,EEEE d MMMM y,d MMMM y,d MMM y,dd/MM/y,HH:mm:ss zzzz,HH:mm:ss z,HH:mm:ss,HH:mm,yMMMMEEEEd,yMMMMd,yMMMd,yMMdd,HHmmsszzzz,HHmmssz,HHmmss,HHmm,janvier|février|mars|avril|mai|juin|juillet|août|septembre|octobre|novembre|décembre,janv.|févr.|mars|avr.|mai|juin|juil.|août|sept.|oct.|nov.|déc.,J|F|M|A|M|J|J|A|S|O|N|D,dimanche|lundi|mardi|mercredi|jeudi|vendredi|samedi,dim.|lun.|mar.|mer.|jeu.|ven.|sam.,D|L|M|M|J|V|S,AM|PM,UTC-10:00|UTC-09:30|UTC-09:00|UTC-08:00|UTC-04:00|UTC-03:00|UTC+01:00|UTC+02:00|UTC+03:00|UTC+04:00|UTC+05:00|UTC+10:00|UTC+11:00|UTC+12:00,UTC-10:00,+00:00,",", ,3,"#,##0.###","25,5 %","1 234 567,89",latn
Gabon,Gabonese Republic,Gabon,Libreville,🇬🇦,"[{""code"":""fr"",""iso639_2"":""fra"",""iso639_3"":""fra"",""name"":""French"",""nativeName"":""français"",""official"":true,""direction"":""ltr"",""countries"":[]}]",GA,GAB,266,fr-GA,1,24h,EEEE d MMMM y,d MMMM y,d MMM y,dd/MM/y,HH:mm:ss zzzz,HH:mm:ss z,HH:mm:ss,HH:mm,yMMMMEEEEd,yMMMMd,yMMMd,yMMdd,HHmmsszzzz,HHmmssz,HHmmss,HHmm,janvier|février|mars|avril|mai|juin|juillet|août|septembre|octobre|novembre|décembre,janv.|févr.|mars|avr.|mai|juin|juil.|août|sept.|oct.|nov.|déc.,J|F|M|A|M|J|J|A|S|O|N|D,dimanche|lundi|mardi|mercredi|jeudi|vendredi|samedi,dim.|lun.|mar.|mer.|jeu.|ven.|sam.,D|L|M|M|J|V|S,AM|PM,UTC+01:00,UTC+01:00,+00:00,",", ,3,"#,##0.###","25,5 %","1 234 567,89",latn
United Kingdom,United Kingdom of Great Britain and Northern Ireland,United Kingdom,London,🇬🇧,"[{""code"":""en"",""iso639_2"":""eng"",""iso639_3"":""eng"",""name"":""English"",""nativeName"":""English"",""official"":true,""direction"":""ltr"",""countries"":[]}]",GB,GBR,826,en-GB,1,12h,"EEEE, MMMM d, y","MMMM d, y","MMM d, y",M/d/yy,h:mm:ss a zzzz,h:mm:ss a z,h:mm:ss a,h:mm a,yMMMMEEEEd,yMMMMd,yMMMd,yyMd,ahmmsszzzz,ahmmssz,ahmmss,ahmm,January|February|March|April|May|June|July|August|September|October|November|December,Jan|Feb|Mar|Apr|May|Jun|Jul|Aug|Sep|Oct|Nov|Dec,J|F|M|A|M|J|J|A|S|O|N|D,Sunday|Monday|Tuesday|Wednesday|Thursday|Friday|Saturday,Sun|Mon|Tue|Wed|Thu|Fri|Sat,S|M|T|W|T|F|S,AM|PM,UTC-08:00|UTC-05:00|UTC-04:00|UTC-03:00|UTC-02:00|UTC|UTC+01:00|UTC+02:00|UTC+06:00,UTC-08:00,+00:00,.,",",3,"#,##0.###",25.5%,"1,234,567.89",latn
Grenada,Grenada,Grenada,St. George's,🇬🇩,"[{""code"":""en"",""iso639_2"":""eng"",""iso639_3"":""eng"",""name"":""English"",""nativeName"":""English"",""official"":true,""direction"":""ltr"",""countries"":[]}]",GD,GRD,308,en-GD,1,12h,"EEEE, MMMM d, y","MMMM d, y","MMM d, y",M/d/yy,h:mm:ss a zzzz,h:mm:ss a z,h:mm:ss a,h:mm a,yMMMMEEEEd,yMMMMd,yMMMd,yyMd,ahmmsszzzz,ahmmssz,ahmmss,ahmm,January|February|March|April|May|June|July|August|September|October|November|December,Jan|Feb|Mar|Apr|May|Jun|Jul|Aug|Sep|Oct|Nov|Dec,J|F|M|A|M|J|J|A|S|O|N|D,Sunday|Monday|Tuesday|Wednesday|Thursday|Friday|Saturday,Sun|Mon|Tue|Wed|Thu|Fri|Sat,S|M|T|W|T|F|S,AM|PM,UTC-04:00,UTC-04:00,+00:00,.,",",3,"#,##0.###",25.5%,"1,234,567.89",latn
საქართველო,Georgia,საქართველო,Tbilisi,🇬🇪,"[{""code"":""ka"",""iso639_2"":""kat"",""iso639_3"":""kat"",""name"":""Georgian"",""nativeName"":""ქართული"",""official"":true,""direction"":""ltr"",""countries"":[]}]",GE,GEO,268,ka-GE,1,24h,"EEEE, dd MMMM, y","d MMMM, y",d MMM. y,dd.MM.yy,HH:mm:ss zzzz,HH:mm:ss z,HH:mm:ss,HH:mm,yMMMMEEEEdd,yMMMMd,yMMMd,yyMMdd,HHmmsszzzz,HHmmssz,HHmmss,HHmm,იანვარი|თებერვალი|მარტი|აპრილი|მაისი|ივნისი|ივლისი|აგვისტო|სექტემბერი|ოქტომბერი|ნოემბერი|დეკემბერი,იან|თებ|მარ|აპრ|მაი|ივნ|ივლ|აგვ|სექ|ოქტ|ნოე|დეკ,ი|თ|მ|ა|მ|ი|ი|ა|ს|ო|ნ|დ,კვირა|ორშაბათი|სამშაბათი|ოთხშაბათი|ხუთშაბათი|პარასკევი|შაბათი,კვი|ორშ|სამ|ოთხ|ხუთ|პარ|შაბ,კ|ო|ს|ო|ხ|პ|შ,AM|PM,UTC+04:00,UTC+04:00,+00:00,",", ,3,"#,##0.###","25,5%","1 234 567,89",latn
Guyane française,Guiana,Guyane française,Cayenne,🇬🇫,"[{""code"":""fr"",""iso639_2"":""fra"",""iso639_3"":""fra"",""name"":""French"",""nativeName"":""français"",""official"":true,""direction"":""ltr"",""countries"":[]}]",GF,GUF,254,fr-GF,1,24h,EEEE d MMMM y,d MMMM y,d MMM y,dd/MM/y,HH:mm:ss zzzz,HH:mm:ss z,HH:mm:ss,HH:mm,yMMMMEEEEd,yMMMMd,yMMMd,yMMdd,HHmmsszzzz,HHmmssz,HHmmss,HHmm,janvier|février|mars|avril|mai|juin|juillet|août|septembre|octobre|novembre|décembre,janv.|févr.|mars|avr.|mai|juin|juil.|août|sept.|oct.|nov.|déc.,J|F|M|A|M|J|J|A|S|O|N|D,dimanche|lundi|mardi|mercredi|jeudi|vendredi|samedi,dim.|lun.|mar.|mer.|jeu.|ven.|sam.,D|L|M|M|J|V|S,AM|PM,UTC-03:00,UTC-03:00,+00:00,",", ,3,"#,##0.###","25,5 %","1 234 567,89",latn
Guernsey,Bailiwick of Guernsey,Guernsey,St. Peter Port,🇬🇬,"[{""code"":""en"",""iso639_2"":""eng"",""iso639_3"":""eng"",""name"":""English"",""nativeName"":""English"",""official"":true,""direction"":""ltr"",""countries"":[]},{""code"":""fr"",""iso639_2"":""fra"",""iso639_3"":""fra"",""name"":""French"",""nativeName"":""français"",""official"":true,""direction"":""ltr"",""countries"":[]}]",GG,GGY,831,en-GG,1,12h,"EEEE, MMMM d, y","MMMM d, y","MMM d, y",M/d/yy,h:mm:ss a zzzz,h:mm:ss a z,h:mm:ss a,h:mm a,yMMMMEEEEd,yMMMMd,yMMMd,yyMd,ahmmsszzzz,ahmmssz,ahmmss,ahmm,January|February|March|April|May|June|July|August|September|October|November|December,Jan|Feb|Mar|Apr|May|Jun|Jul|Aug|Sep|Oct|Nov|Dec,J|F|M|A|M|J|J|A|S|O|N|D,Sunday|Monday|Tuesday|Wednesday|Thursday|Friday|Saturday,Sun|Mon|Tue|Wed|Thu|Fri|Sat,S|M|T|W|T|F|S,AM|PM,UTC+00:00,UTC+00:00,+00:00,.,",",3,"#,##0.###",25.5%,"1,234,567.89",latn
Ghana,Republic of Ghana,Ghana,Accra,🇬🇭,"[{""code"":""en"",""iso639_2"":""eng"",""iso639_3"":""eng"",""name"":""English"",""nativeName"":""English"",""official"":true,""direction"":""ltr"",""countries"":[]}]",GH,GHA,288,en-GH,1,12h,"EEEE, MMMM d, y","MMMM d, y","MMM d, y",M/d/yy,h:mm:ss a zzzz,h:mm:ss a z,h:mm:ss a,h:mm a,yMMMMEEEEd,yMMMMd,yMMMd,yyMd,ahmmsszzzz,ahmmssz,ahmmss,ahmm,January|February|March|April|May|June|July|August|September|October|November|December,Jan|Feb|Mar|Apr|May|Jun|Jul|Aug|Sep|Oct|Nov|Dec,J|F|M|A|M|J|J|A|S|O|N|D,Sunday|Monday|Tuesday|Wednesday|Thursday|Friday|Saturday,Sun|Mon|Tue|Wed|Thu|Fri|Sat,S|M|T|W|T|F|S,AM|PM,UTC,UTC,+00:00,.,",",3,"#,##0.###",25.5%,"1,234,567.89",latn
Gibraltar,Gibraltar,Gibraltar,Gibraltar,🇬🇮,"[{""code"":""en"",""iso639_2"":""eng"",""iso639_3"":""eng"",""name"":""English"",""nativeName"":""English"",""official"":true,""direction"":""ltr"",""countries"":[]}]",GI,GIB,292,en-GI,1,12h,"EEEE, MMMM d, y","MMMM d, y","MMM d, y",M/d/yy,h:mm:ss a zzzz,h:mm:ss a z,h:mm:ss a,h:mm a,yMMMMEEEEd,yMMMMd,yMMMd,yyMd,ahmmsszzzz,ahmmssz,ahmmss,ahmm,January|February|March|April|May|June|July|August|September|October|November|December,Jan|Feb|Mar|Apr|May|Jun|Jul|Aug|Sep|Oct|Nov|Dec,J|F|M|A|M|J|J|A|S|O|N|D,Sunday|Monday|Tuesday|Wednesday|Thursday|Friday|Saturday,Sun|Mon|Tue|Wed|Thu|Fri|Sat,S|M|T|W|T|F|S,AM|PM,UTC+01:00,UTC+01:00,+00:00,.,",",3,"#,##0.###",25.5%,"1,234,567.89",latn
Kalaallit Nunaat,Greenland,Kalaallit Nunaat,Nuuk,🇬🇱,"[{""code"":""kl"",""iso639_2"":""kal"",""iso639_3"":""kal"",""name"":""Greenlandic"",""nativeName"":""kalaallisut"",""official"":true,""direction"":""ltr"",""countries"":[]}]",GL,GRL,304,kl-GL,1,24h,"y MMMM d, EEEE",y MMMM d,y MMM d,y-MM-dd,HH.mm.ss zzzz,HH.mm.ss z,HH.mm.ss,HH.mm,yMMMMEEEEd,yMMMMd,yMMMd,yMMdd,HHmmsszzzz,HHmmssz,HHmmss,HHmm,januaarip|februaarip|marsip|apriilip|maajip|juunip|juulip|aggustip|septembarip|oktobarip|novembarip|decembarip,jan|febr|mar|apr|maj|jun|jul|aug|sept|okt|nov|dec,1|2|3|4|5|6|7|8|9|10|11|12,sapaat|ataasinngorneq|marlunngorneq|pingasunngorneq|sisamanngorneq|tallimanngorneq|arfininngorneq,sap|ata|mar|pin|sis|tal|arf,S|M|T|W|T|F|S,AM|PM,UTC-04:00|UTC-03:00|UTC-01:00|UTC+00:00,UTC-04:00,+00:00,",",.,3,"#,##0.###","25,5 %","1.234.567,89",latn
Gambia,Republic of the Gambia,Gambia,Banjul,🇬🇲,"[{""code"":""en"",""iso639_2"":""eng"",""iso639_3"":""eng"",""name"":""English"",""nativeName"":""English"",""official"":true,""direction"":""ltr"",""countries"":[]}]",GM,GMB,270,en-GM,1,12h,"EEEE, MMMM d, y","MMMM d, y","MMM d, y",M/d/yy,h:mm:ss a zzzz,h:mm:ss a z,h:mm:ss a,h:mm a,yMMMMEEEEd,yMMMMd,yMMMd,yyMd,ahmmsszzzz,ahmmssz,ahmmss,ahmm,January|February|March|April|May|June|July|August|September|October|November|December,Jan|Feb|Mar|Apr|May|Jun|Jul|Aug|Sep|Oct|Nov|Dec,J|F|M|A|M|J|J|A|S|O|N|D,Sunday|Monday|Tuesday|Wednesday|Thursday|Friday|Saturday,Sun|Mon|Tue|Wed|Thu|Fri|Sat,S|M|T|W|T|F|S,AM|PM,UTC+00:00,UTC+00:00,+00:00,.,",",3,"#,##0.###",25.5%,"1,234,567.89",latn
Guinée,Republic of Guinea,Guinée,Conakry,🇬🇳,"[{""code"":""fr"",""iso639_2"":""fra"",""iso639_3"":""fra"",""name"":""French"",""nativeName"":""français"",""official"":true,""direction"":""ltr"",""countries"":[]},{""code"":""ff"",""iso639_2"":""ful"",""iso639_3"":""ful"",""name"":""Fula"",""nativeName"":""Fulfulde"",""official"":true,""direction"":""ltr"",""countries"":[]}]",GN,GIN,324,fr-GN,1,24h,EEEE d MMMM y,d MMMM y,d MMM y,dd/MM/y,HH:mm:ss zzzz,HH:mm:ss z,HH:mm:ss,HH:mm,yMMMMEEEEd,yMMMMd,yMMMd,yMMdd,HHmmsszzzz,HHmmssz,HHmmss,HHmm,janvier|février|mars|avril|mai|juin|juillet|août|septembre|octobre|novembre|décembre,janv.|févr.|mars|avr.|mai|juin|juil.|août|sept.|oct.|nov.|déc.,J|F|M|A|M|J|J|A|S|O|N|D,dimanche|lundi|mardi|mercredi|jeudi|vendredi|samedi,dim.|lun.|mar.|mer.|jeu.|ven.|sam.,D|L|M|M|J|V|S,AM|PM,UTC,UTC,+00:00,",", ,3,"#,##0.###","25,5 %","1 234 567,89",latn
Guadeloupe,Guadeloupe,Guadeloupe,Basse-Terre,🇬🇵,"[{""code"":""fr"",""iso639_2"":""fra"",""iso639_3"":""fra"",""name"":""French"",""nativeName"":""français"",""official"":true,""direction"":""ltr"",""countries"":[]}]",GP,GLP,312,fr-GP,1,24h,EEEE d MMMM y,d MMMM y,d MMM y,dd/MM/y,HH:mm:ss zzzz,HH:mm:ss z,HH:mm:ss,HH:mm,yMMMMEEEEd,yMMMMd,yMMMd,yMMdd,HHmmsszzzz,HHmmssz,HHmmss,HHmm,janvier|février|mars|avril|mai|juin|juillet|août|septembre|octobre|novembre|décembre,janv.|févr.|mars|avr.|mai|juin|juil.|août|sept.|oct.|nov.|déc.,J|F|M|A|M|J|J|A|S|O|N|D,dimanche|lundi|mardi|mercredi|jeudi|vendredi|samedi,dim.|lun.|mar.|mer.|jeu.|ven.|sam.,D|L|M|M|J|V|S,AM|PM,UTC-04:00,UTC-04:00,+00:00,",", ,3,"#,##0.###","25,5 %","1 234 567,89",latn
Guinea Ecuatorial,Republic of Equatorial Guinea,Guinea Ecuatorial,Malabo,🇬🇶,"[{""code"":""es"",""iso639_2"":""spa"",""iso639_3"":""spa"",""name"":""Spanish"",""nativeName"":""Español"",""official"":true,""direction"":""ltr"",""countries"":[]},{""code"":""fr"",""iso639_2"":""fra"",""iso639_3"":""fra"",""name"":""French"",""nativeName"":""français"",""official"":true,""direction"":""ltr"",""countries"":[]},{""code"":""pt"",""iso639_2"":""por"",""iso639_3"":""por"",""name"":""Portuguese"",""nativeName"":""Português"",""official"":true,""direction"":""ltr"",""countries"":[]},{""code"":"""",""iso639_2"":""fan"",""iso639_3"":"""",""name"":""Fang"",""nativeName"":""Fang"",""official"":true,""direction"":""ltr"",""countries"":[]}]",GQ,GNQ,226,es-GQ,1,24h,"EEEE, d 'de' MMMM 'de' y",d 'de' MMMM 'de' y,d MMM y,d/M/yy,H:mm:ss (zzzz),H:mm:ss z,H:mm:ss,H:mm,yMMMMEEEEd,yMMMMd,yMMMd,yyMd,Hmmsszzzz,Hmmssz,Hmmss,Hmm,enero|febrero|marzo|abril|mayo|junio|julio|agosto|septiembre|octubre|noviembre|diciembre,ene|feb|mar|abr|may|jun|jul|ago|sept|oct|nov|dic,E|F|M|A|M|J|J|A|S|O|N|D,domingo|lunes|martes|miércoles|jueves|viernes|sábado,dom|lun|mar|mié|jue|vie|sáb,D|L|M|X|J|V|S,a. m.|p. m.,UTC+01:00,UTC+01:00,+00:00,",",.,3,"#,##0.###","25,5 %","1.234.567,89",latn
Ελλάδα,Hellenic Republic,Ελλάδα,Athens,🇬🇷,"[{""code"":""el"",""iso639_2"":""ell"",""iso639_3"":""ell"",""name"":""Greek (modern)"",""nativeName"":""ελληνικά"",""official"":true,""direction"":""ltr"",""countries"":[]}]",GR,GRC,300,el-GR,1,12h,EEEE d MMMM y,d MMMM y,d MMM y,d/M/yy,h:mm:ss a zzzz,h:mm:ss a z,h:mm:ss a,h:mm a,yMMMMEEEEd,yMMMMd,yMMMd,yyMd,ahmmsszzzz,ahmmssz,ahmmss,ahmm,Ιανουαρίου|Φεβρουαρίου|Μαρτίου|Απριλίου|Μαΐου|Ιουνίου|Ιουλίου|Αυγούστου|Σεπτεμβρίου|Οκτωβρίου|Νοεμβρίου|Δεκεμβρίου,Ιαν|Φεβ|Μαρ|Απρ|Μαΐ|Ιουν|Ιουλ|Αυγ|Σεπ|Οκτ|Νοε|Δεκ,Ι|Φ|Μ|Α|Μ|Ι|Ι|Α|Σ|Ο|Ν|Δ,Κυριακή|Δευτέρα|Τρίτη|Τετάρτη|Πέμπτη|Παρασκευή|Σάββατο,Κυρ|Δευ|Τρί|Τετ|Πέμ|Παρ|Σάβ,Κ|Δ|Τ|Τ|Π|Π|Σ,π.μ.|μ.μ.,UTC+02:00,UTC+02:00,+00:00,",",.,3,"#,##0.###","25,5%","1.234.567,89",latn
South Georgia & South Sandwich Islands,South Georgia and the South Sandwich Islands,South Georgia & South Sandwich Islands,King Edward Point,🇬🇸,"[{""code"":""en"",""iso639_2"":""eng"",""iso639_3"":""eng"",""name"":""English"",""nativeName"":""English"",""official"":true,""direction"":""ltr"",""countries"":[]}]",GS,SGS,239,en-GS,1,12h,"EEEE, MMMM d, y","MMMM d, y","MMM d, y",M/d/yy,h:mm:ss a zzzz,h:mm:ss a z,h:mm:ss a,h:mm a,yMMMMEEEEd,yMMMMd,yMMMd,yyMd,ahmmsszzzz,ahmmssz,ahmmss,ahmm,January|February|March|April|May|June|July|August|September|October|November|December,Jan|Feb|Mar|Apr|May|Jun|Jul|Aug|Sep|Oct|Nov|Dec,J|F|M|A|M|J|J|A|S|O|N|D,Sunday|Monday|Tuesday|Wednesday|Thursday|Friday|Saturday,Sun|Mon|Tue|Wed|Thu|Fri|Sat,S|M|T|W|T|F|S,AM|PM,UTC-02:00,UTC-02:00,+00:00,.,",",3,"#,##0.###",25.5%,"1,234,567.89",latn
Guatemala,Republic of Guatemala,Guatemala,Guatemala City,🇬🇹,"[{""code"":""es"",""iso639_2"":""spa"",""iso639_3"":""spa"",""name"":""Spanish"",""nativeName"":""Español"",""official"":true,""direction"":""ltr"",""countries"":[]}]",GT,GTM,320,es-GT,7,24h,"EEEE, d 'de' MMMM 'de' y",d 'de' MMMM 'de' y,d MMM y,d/M/yy,H:mm:ss (zzzz),H:mm:ss z,H:mm:ss,H:mm,yMMMMEEEEd,yMMMMd,yMMMd,yyMd,Hmmsszzzz,Hmmssz,Hmmss,Hmm,enero|febrero|marzo|abril|mayo|junio|julio|agosto|septiembre|octubre|noviembre|diciembre,ene|feb|mar|abr|may|jun|jul|ago|sept|oct|nov|dic,E|F|M|A|M|J|J|A|S|O|N|D,domingo|lunes|martes|miércoles|jueves|viernes|sábado,dom|lun|mar|mié|jue|vie|sáb,D|L|M|X|J|V|S,a. m.|p. m.,UTC-06:00,UTC-06:00,+00:00,",",.,3,"#,##0.###",25.5%,"1,234,567.89",latn
Guam,Guam,Guam,Hagåtña,🇬🇺,"[{""code"":""en"",""iso639_2"":""eng"",""iso639_3"":""eng"",""name"":""English"",""nativeName"":""English"",""official"":true,""direction"":""ltr"",""countries"":[]},{""code"":""ch"",""iso639_2"":""cha"",""iso639_3"":""cha"",""name"":""Chamorro"",""nativeName"":""Chamoru"",""official"":true,""direction"":""ltr"",""countries"":[]},{""code"":""es"",""iso639_2"":""spa"",""iso639_3"":""spa"",""name"":""Spanish"",""nativeName"":""Español"",""official"":true,""direction"":""ltr"",""countries"":[]}]",GU,GUM,316,en-GU,7,12h,"EEEE, MMMM d, y","MMMM d, y","MMM d, y",M/d/yy,h:mm:ss a zzzz,h:mm:ss a z,h:mm:ss a,h:mm a,yMMMMEEEEd,yMMMMd,yMMMd,yyMd,ahmmsszzzz,ahmmssz,ahmmss,ahmm,January|February|March|April|May|June|July|August|September|October|November|December,Jan|Feb|Mar|Apr|May|Jun|Jul|Aug|Sep|Oct|Nov|Dec,J|F|M|A|M|J|J|A|S|O|N|D,Sunday|Monday|Tuesday|Wednesday|Thursday|Friday|Saturday,Sun|Mon|Tue|Wed|Thu|Fri|Sat,S|M|T|W|T|F|S,AM|PM,UTC+10:00,UTC+10:00,+00:00,.,",",3,"#,##0.###",25.5%,"1,234,567.89",latn
Guiné-Bissau,Republic of Guinea-Bissau,Guiné-Bissau,Bissau,🇬🇼,"[{""code"":""pt"",""iso639_2"":""por"",""iso639_3"":""por"",""name"":""Portuguese"",""nativeName"":""Português"",""official"":true,""direction"":""ltr"",""countries"":[]}]",GW,GNB,624,pt-GW,1,24h,"EEEE, d 'de' MMMM 'de' y",d 'de' MMMM 'de' y,d 'de' MMM 'de' y,dd/MM/y,HH:mm:ss zzzz,HH:mm:ss z,HH:mm:ss,HH:mm,yMMMMEEEEd,yMMMMd,yMMMd,yMMdd,HHmmsszzzz,HHmmssz,HHmmss,HHmm,janeiro|fevereiro|março|abril|maio|junho|julho|agosto|setembro|outubro|novembro|dezembro,jan.|fev.|mar.|abr.|mai.|jun.|jul.|ago.|set.|out.|nov.|dez.,J|F|M|A|M|J|J|A|S|O|N|D,domingo|segunda-feira|terça-feira|quarta-feira|quinta-feira|sexta-feira|sábado,dom.|seg.|ter.|qua.|qui.|sex.|sáb.,D|S|T|Q|Q|S|S,AM|PM,UTC,UTC,+00:00,",",.,3,"#,##0.###","25,5%","1 234 567,89",latn
Guyana,Co-operative Republic of Guyana,Guyana,Georgetown,🇬🇾,"[{""code"":""en"",""iso639_2"":""eng"",""iso639_3"":""eng"",""name"":""English"",""nativeName"":""English"",""official"":true,""direction"":""ltr"",""countries"":[]}]",GY,GUY,328,en-GY,1,12h,"EEEE, MMMM d, y","MMMM d, y","MMM d, y",M/d/yy,h:mm:ss a zzzz,h:mm:ss a z,h:mm:ss a,h:mm a,yMMMMEEEEd,yMMMMd,yMMMd,yyMd,ahmmsszzzz,ahmmssz,ahmmss,ahmm,January|February|March|April|May|June|July|August|September|October|November|December,Jan|Feb|Mar|Apr|May|Jun|Jul|Aug|Sep|Oct|Nov|Dec,J|F|M|A|M|J|J|A|S|O|N|D,Sunday|Monday|Tuesday|Wednesday|Thursday|Friday|Saturday,Sun|Mon|Tue|Wed|Thu|Fri|Sat,S|M|T|W|T|F|S,AM|PM,UTC-04:00,UTC-04:00,+00:00,.,",",3,"#,##0.###",25.5%,"1,234,567.89",latn
Hong Kong SAR China,Hong Kong Special Administrative Region of the People's Republic of China,Hong Kong SAR China,City of Victoria,🇭🇰,"[{""code"":""en"",""iso639_2"":""eng"",""iso639_3"":""eng"",""name"":""English"",""nativeName"":""English"",""official"":true,""direction"":""ltr"",""countries"":[]},{""code"":""zh"",""iso639_2"":""zho"",""iso639_3"":""zho"",""name"":""Chinese"",""nativeName"":""中文 (Zhōngwén)"",""official"":true,""direction"":""ltr"",""countries"":[]}]",HK,HKG,344,en-HK,7,12h,"EEEE, MMMM d, y","MMMM d, y","MMM d, y",M/d/yy,h:mm:ss a zzzz,h:mm:ss a z,h:mm:ss a,h:mm a,yMMMMEEEEd,yMMMMd,yMMMd,yyMd,ahmmsszzzz,ahmmssz,ahmmss,ahmm,January|February|March|April|May|June|July|August|September|October|November|December,Jan|Feb|Mar|Apr|May|Jun|Jul|Aug|Sep|Oct|Nov|Dec,J|F|M|A|M|J|J|A|S|O|N|D,Sunday|Monday|Tuesday|Wednesday|Thursday|Friday|Saturday,Sun|Mon|Tue|Wed|Thu|Fri|Sat,S|M|T|W|T|F|S,AM|PM,UTC+08:00,UTC+08:00,+00:00,.,",",3,"#,##0.###",25.5%,"1,234,567.89",latn
Heard & McDonald Islands,Heard Island and McDonald Islands,Heard & McDonald Islands,,🇭🇲,"[{""code"":""en"",""iso639_2"":""eng"",""iso639_3"":""eng"",""name"":""English"",""nativeName"":""English"",""official"":true,""direction"":""ltr"",""countries"":[]}]",HM,HMD,334,en-HM,1,12h,"EEEE, MMMM d, y","MMMM d, y","MMM d, y",M/d/yy,h:mm:ss a zzzz,h:mm:ss a z,h:mm:ss a,h:mm a,yMMMMEEEEd,yMMMMd,yMMMd,yyMd,ahmmsszzzz,ahmmssz,ahmmss,ahmm,January|February|March|April|May|June|July|August|September|October|November|December,Jan|Feb|Mar|Apr|May|Jun|Jul|Aug|Sep|Oct|Nov|Dec,J|F|M|A|M|J|J|A|S|O|N|D,Sunday|Monday|Tuesday|Wednesday|Thursday|Friday|Saturday,Sun|Mon|Tue|Wed|Thu|Fri|Sat,S|M|T|W|T|F|S,AM|PM,UTC+05:00,UTC+05:00,+00:00,.,",",3,"#,##0.###",25.5%,"1,234,567.89",latn
Honduras,Republic of Honduras,Honduras,Tegucigalpa,🇭🇳,"[{""code"":""es"",""iso639_2"":""spa"",""iso639_3"":""spa"",""name"":""Spanish"",""nativeName"":""Español"",""official"":true,""direction"":""ltr"",""countries"":[]}]",HN,HND,340,es-HN,7,24h,"EEEE, d 'de' MMMM 'de' y",d 'de' MMMM 'de' y,d MMM y,d/M/yy,H:mm:ss (zzzz),H:mm:ss z,H:mm:ss,H:mm,yMMMMEEEEd,yMMMMd,yMMMd,yyMd,Hmmsszzzz,Hmmssz,Hmmss,Hmm,enero|febrero|marzo|abril|mayo|junio|julio|agosto|septiembre|octubre|noviembre|diciembre,ene|feb|mar|abr|may|jun|jul|ago|sept|oct|nov|dic,E|F|M|A|M|J|J|A|S|O|N|D,domingo|lunes|martes|miércoles|jueves|viernes|sábado,dom|lun|mar|mié|jue|vie|sáb,D|L|M|X|J|V|S,a. m.|p. m.,UTC-06:00,UTC-06:00,+00:00,",",.,3,"#,##0.###",25.5%,"1,234,567.89",latn
Hrvatska,Republic of Croatia,Hrvatska,Zagreb,🇭🇷,"[{""code"":""hr"",""iso639_2"":""hrv"",""iso639_3"":""hrv"",""name"":""Croatian"",""nativeName"":""hrvatski jezik"",""official"":true,""direction"":""ltr"",""countries"":[]}]",HR,HRV,191,hr-HR,1,24h,"EEEE, d. MMMM y.",d. MMMM y.,d. MMM y.,dd. MM. y.,HH:mm:ss (zzzz),HH:mm:ss z,HH:mm:ss,HH:mm,yMMMMEEEEd,yMMMMd,yMMMd,yMMdd,HHmmsszzzz,HHmmssz,HHmmss,HHmm,siječnja|veljače|ožujka|travnja|svibnja|lipnja|srpnja|kolovoza|rujna|listopada|studenoga|prosinca,sij|velj|ožu|tra|svi|lip|srp|kol|ruj|lis|stu|pro,1.|2.|3.|4.|5.|6.|7.|8.|9.|10.|11.|12.,nedjelja|ponedjeljak|utorak|srijeda|četvrtak|petak|subota,ned|pon|uto|sri|čet|pet|sub,N|P|U|S|Č|P|S,AM|PM,UTC+01:00,UTC+01:00,+00:00,",",.,3,"#,##0.###","25,5 %","1.234.567,89",latn
Haïti,Republic of Haiti,Haïti,Port-au-Prince,🇭🇹,"[{""code"":""fr"",""iso639_2"":""fra"",""iso639_3"":""fra"",""name"":""French"",""nativeName"":""français"",""official"":true,""direction"":""ltr"",""countries"":[]},{""code"":""ht"",""iso639_2"":""hat"",""iso639_3"":""hat"",""name"":""Haitian"",""nativeName"":""Kreyòl ayisyen"",""official"":true,""direction"":""ltr"",""countries"":[]}]",HT,HTI,332,fr-HT,1,24h,EEEE d MMMM y,d MMMM y,d MMM y,dd/MM/y,HH:mm:ss zzzz,HH:mm:ss z,HH:mm:ss,HH:mm,yMMMMEEEEd,yMMMMd,yMMMd,yMMdd,HHmmsszzzz,HHmmssz,HHmmss,HHmm,janvier|février|mars|avril|mai|juin|juillet|août|septembre|octobre|novembre|décembre,janv.|févr.|mars|avr.|mai|juin|juil.|août|sept.|oct.|nov.|déc.,J|F|M|A|M|J|J|A|S|O|N|D,dimanche|lundi|mardi|mercredi|jeudi|vendredi|samedi,dim.|lun.|mar.|mer.|jeu.|ven.|sam.,D|L|M|M|J|V|S,AM|PM,UTC-05:00,UTC-05:00,+00:00,",", ,3,"#,##0.###","25,5 %","1 234 567,89",latn
Magyarország,Hungary,Magyarország,Budapest,🇭🇺,"[{""code"":""hu"",""iso639_2"":""hun"",""iso639_3"":""hun"",""name"":""Hungarian"",""nativeName"":""magyar"",""official"":true,""direction"":""ltr"",""countries"":[]}]",HU,HUN,348,hu-HU,1,24h,"y. MMMM d., EEEE",y. MMMM d.,y. MMM d.,y. MM. dd.,H:mm:ss zzzz,H:mm:ss z,H:mm:ss,H:mm,yMMMMEEEEd,yMMMMd,yMMMd,yMMdd,Hmmsszzzz,Hmmssz,Hmmss,Hmm,január|február|március|április|május|június|július|augusztus|szeptember|október|november|december,jan.|febr.|márc.|ápr.|máj.|jún.|júl.|aug.|szept.|okt.|nov.|dec.,J|F|M|Á|M|J|J|A|Sz|O|N|D,vasárnap|hétfő|kedd|szerda|csütörtök|péntek|szombat,V|H|K|Sze|Cs|P|Szo,V|H|K|Sz|Cs|P|Sz,de.|du.,UTC+01:00,UTC+01:00,+00:00,",", ,3,"#,##0.###","25,5%","1 234 567,89",latn
Indonesia,Republic of Indonesia,Indonesia,Jakarta,🇮🇩,"[{""code"":""id"",""iso639_2"":""ind"",""iso639_3"":""ind"",""name"":""Indonesian"",""nativeName"":""Bahasa Indonesia"",""official"":true,""direction"":""ltr"",""countries"":[]}]",ID,IDN,360,id-ID,7,24h,"EEEE, dd MMMM y",d MMMM y,d MMM y,dd/MM/yy,HH.mm.ss zzzz,HH.mm.ss z,HH.mm.ss,HH.mm,yMMMMEEEEdd,yMMMMd,yMMMd,yyMMdd,HHmmsszzzz,HHmmssz,HHmmss,HHmm,Januari|Februari|Maret|April|Mei|Juni|Juli|Agustus|September|Oktober|November|Desember,Jan|Feb|Mar|Apr|Mei|Jun|Jul|Agu|Sep|Okt|Nov|Des,J|F|M|A|M|J|J|A|S|O|N|D,Minggu|Senin|Selasa|Rabu|Kamis|Jumat|Sabtu,Min|Sen|Sel|Rab|Kam|Jum|Sab,M|S|S|R|K|J|S,AM|PM,UTC+07:00|UTC+08:00|UTC+09:00,UTC+07:00,+00:00,",",.,3,"#,##0.###","25,5%","1.234.567,89",latn
Éire,Republic of Ireland,Éire,Dublin,🇮🇪,"[{""code"":""ga"",""iso639_2"":""gle"",""iso639_3"":""gle"",""name"":""Irish"",""nativeName"":""Gaeilge"",""official"":true,""direction"":""ltr"",""countries"":[]},{""code"":""en"",""iso639_2"":""eng"",""iso639_3"":""eng"",""name"":""English"",""nativeName"":""English"",""official"":true,""direction"":""ltr"",""countries"":[]}]",IE,IRL,372,ga-IE,1,24h,EEEE d MMMM y,d MMMM y,d MMM y,d/M/yy,HH:mm:ss zzzz,HH:mm:ss z,HH:mm:ss,HH:mm,yMMMMEEEEd,yMMMMd,yMMMd,yMMdd,HHmmsszzzz,HHmmssz,HHmmss,HHmm,Eanáir|Feabhra|Márta|Aibreán|Bealtaine|Meitheamh|Iúil|Lúnasa|Meán Fómhair|Deireadh Fómhair|Samhain|Nollaig,Ean|Feabh|Márta|Aib|Beal|Meith|Iúil|Lún|MFómh|DFómh|Samh|Noll,E|F|M|A|B|M|I|L|M|D|S|N,Dé Domhnaigh|Dé Luain|Dé Máirt|Dé Céadaoin|Déardaoin|Dé hAoine|Dé Sathairn,Domh|Luan|Máirt|Céad|Déar|Aoine|Sath,D|L|M|C|D|A|S,r.n.|i.n.,UTC,UTC,+00:00,.,",",3,"#,##0.###",25.5%,"1,234,567.89",latn
ישראל,State of Israel,ישראל,Jerusalem,🇮🇱,"[{""code"":""he"",""iso639_2"":""heb"",""iso639_3"":""heb"",""name"":""Hebrew (modern)"",""nativeName"":""עברית"",""official"":true,""direction"":""ltr"",""countries"":[]},{""code"":""ar"",""iso639_2"":""ara"",""iso639_3"":""ara"",""name"":""Arabic"",""nativeName"":""العربية"",""official"":true,""direction"":""ltr"",""countries"":[]}]",IL,ISR,376,he-IL,7,24h,"EEEE, d בMMMM y",d בMMMM y,d בMMM y,d.M.y,H:mm:ss zzzz,H:mm:ss z,H:mm:ss,H:mm,yMMMMEEEEd,yMMMMd,yMMMd,yMd,Hmmsszzzz,Hmmssz,Hmmss,Hmm,ינואר|פברואר|מרץ|אפריל|מאי|יוני|יולי|אוגוסט|ספטמבר|אוקטובר|נובמבר|דצמבר,ינו׳|פבר׳|מרץ|אפר׳|מאי|יוני|יולי|אוג׳|ספט׳|אוק׳|נוב׳|דצמ׳,1|2|3|4|5|6|7|8|9|10|11|12,יום ראשון|יום שני|יום שלישי|יום רביעי|יום חמישי|יום שישי|יום שבת,יום א׳|יום ב׳|יום ג׳|יום ד׳|יום ה׳|יום ו׳|שבת,א׳|ב׳|ג׳|ד׳|ה׳|ו׳|ש׳,AM|PM,UTC+02:00,UTC+02:00,+00:00,.,",",3,"#,##0.###",25.5%,"1,234,567.89",latn
Isle of Man,Isle of Man,Isle of Man,Douglas,🇮🇲,"[{""code"":""en"",""iso639_2"":""eng"",""iso639_3"":""eng"",""name"":""English"",""nativeName"":""English"",""official"":true,""direction"":""ltr"",""countries"":[]},{""code"":""gv"",""iso639_2"":""glv"",""iso639_3"":""glv"",""name"":""Manx"",""nativeName"":""Gaelg"",""official"":true,""direction"":""ltr"",""countries"":[]}]",IM,IMN,833,en-IM,1,12h,"EEEE, MMMM d, y","MMMM d, y","MMM d, y",M/d/yy,h:mm:ss a zzzz,h:mm:ss a z,h:mm:ss a,h:mm a,yMMMMEEEEd,yMMMMd,yMMMd,yyMd,ahmmsszzzz,ahmmssz,ahmmss,ahmm,January|February|March|April|May|June|July|August|September|October|November|December,Jan|Feb|Mar|Apr|May|Jun|Jul|Aug|Sep|Oct|Nov|Dec,J|F|M|A|M|J|J|A|S|O|N|D,Sunday|Monday|Tuesday|Wednesday|Thursday|Friday|Saturday,Sun|Mon|Tue|Wed|Thu|Fri|Sat,S|M|T|W|T|F|S,AM|PM,UTC+00:00,UTC+00:00,+00:00,.,",",3,"#,##0.###",25.5%,"1,234,567.89",latn
भारत,Republic of India,भारत,New Delhi,🇮🇳,"[{""code"":""hi"",""iso639_2"":""hin"",""iso639_3"":""hin"",""name"":""Hindi"",""nativeName"":""हिन्दी"",""official"":true,""direction"":""ltr"",""countries"":[]},{""code"":""en"",""iso639_2"":""eng"",""iso639_3"":""eng"",""name"":""English"",""nativeName"":""English"",""official"":true,""direction"":""ltr"",""countries"":[]}]",IN,IND,356,hi-IN,7,12h,"EEEE, d MMMM y",d MMMM y,d MMM y,d/M/yy,h:mm:ss a zzzz,h:mm:ss a z,h:mm:ss a,h:mm a,yMMMMEEEEd,yMMMMd,yMMMd,yyMd,ahmmsszzzz,ahmmssz,ahmmss,ahmm,जनवरी|फ़रवरी|मार्च|अप्रैल|मई|जून|जुलाई|अगस्त|सितंबर|अक्टूबर|नवंबर|दिसंबर,जन॰|फ़र॰|मार्च|अप्रैल|मई|जून|जुल॰|अग॰|सित॰|अक्टू॰|नव॰|दिस॰,ज|फ़|मा|अ|म|जू|जु|अ|सि|अ|न|दि,रविवार|सोमवार|मंगलवार|बुधवार|गुरुवार|शुक्रवार|शनिवार,रवि|सोम|मंगल|बुध|गुरु|शुक्र|शनि,र|सो|मं|बु|गु|शु|श,am|pm,UTC+05:30,UTC+05:30,+00:00,.,",",3,"#,##,##0.###",25.5%,"12,34,567.89",latn
British Indian Ocean Territory,British Indian Ocean Territory,British Indian Ocean Territory,Diego Garcia,🇮🇴,"[{""code"":""en"",""iso639_2"":""eng"",""iso639_3"":""eng"",""name"":""English"",""nativeName"":""English"",""official"":true,""direction"":""ltr"",""countries"":[]}]",IO,IOT,86,en-IO,1,12h,"EEEE, MMMM d, y","MMMM d, y","MMM d, y",M/d/yy,h:mm:ss a zzzz,h:mm:ss a z,h:mm:ss a,h:mm a,yMMMMEEEEd,yMMMMd,yMMMd,yyMd,ahmmsszzzz,ahmmssz,ahmmss,ahmm,January|February|March|April|May|June|July|August|September|October|November|December,Jan|Feb|Mar|Apr|May|Jun|Jul|Aug|Sep|Oct|Nov|Dec,J|F|M|A|M|J|J|A|S|O|N|D,Sunday|Monday|Tuesday|Wednesday|Thursday|Friday|Saturday,Sun|Mon|Tue|Wed|Thu|Fri|Sat,S|M|T|W|T|F|S,AM|PM,UTC+06:00,UTC+06:00,+00:00,.,",",3,"#,##0.###",25.5%,"1,234,567.89",latn
العراق,Republic of Iraq,العراق,Baghdad,🇮🇶,"[{""code"":""ar"",""iso639_2"":""ara"",""iso639_3"":""ara"",""name"":""Arabic"",""nativeName"":""العربية"",""official"":true,""direction"":""ltr"",""countries"":[]},{""code"":""ku"",""iso639_2"":""kur"",""iso639_3"":""kur"",""name"":""Kurdish"",""nativeName"":""Kurdî"",""official"":true,""direction"":""ltr"",""countries"":[]}]",IQ,IRQ,368,ar-IQ,6,12h,EEEE، d MMMM y,d MMMM y,dd‏/MM‏/y,d‏/M‏/y,h:mm:ss a zzzz,h:mm:ss a z,h:mm:ss a,h:mm a,yMMMMEEEEd,yMMMMd,yMMdd,yMd,ahmmsszzzz,ahmmssz,ahmmss,ahmm,يناير|فبراير|مارس|أبريل|مايو|يونيو|يوليو|أغسطس|سبتمبر|أكتوبر|نوفمبر|ديسمبر,يناير|فبراير|مارس|أبريل|مايو|يونيو|يوليو|أغسطس|سبتمبر|أكتوبر|نوفمبر|ديسمبر,ي|ف|م|أ|و|ن|ل|غ|س|ك|ب|د,الأحد|الاثنين|الثلاثاء|الأربعاء|الخميس|الجمعة|السبت,الأحد|الاثنين|الثلاثاء|الأربعاء|الخميس|الجمعة|السبت,ح|ن|ث|ر|خ|ج|س,ص|م,UTC+03:00,UTC+03:00,+00:00,.,",",3,"#,##0.###",٢٥٫٥٪؜,١٬٢٣٤٬٥٦٧٫٨٩,latn
ایران,Islamic Republic of Iran,ایران,Tehran,🇮🇷,"[{""code"":""fa"",""iso639_2"":""fas"",""iso639_3"":""fas"",""name"":""Persian (Farsi)"",""nativeName"":""فارسی"",""official"":true,""direction"":""ltr"",""countries"":[]}]",IR,IRN,364,fa-IR,6,24h,EEEE d MMMM y,d MMMM y,d MMM y,y/M/d,H:mm:ss (zzzz),H:mm:ss (z),H:mm:ss,H:mm,yMMMMEEEEd,yMMMMd,yMMMd,yMd,Hmmsszzzz,Hmmssz,Hmmss,Hmm,ژانویهٔ|فوریهٔ|مارس|آوریل|مهٔ|ژوئن|ژوئیهٔ|اوت|سپتامبر|اکتبر|نوامبر|دسامبر,ژانویه|فوریه|مارس|آوریل|مه|ژوئن|ژوئیه|اوت|سپتامبر|اکتبر|نوامبر|دسامبر,ژ|ف|م|آ|م|ژ|ژ|ا|س|ا|ن|د,یکشنبه|دوشنبه|سه‌شنبه|چهارشنبه|پنجشنبه|جمعه|شنبه,یکشنبه|دوشنبه|سه‌شنبه|چهارشنبه|پنجشنبه|جمعه|شنبه,ی|د|س|چ|پ|ج|ش,ق.ظ.|ب.ظ.,UTC+03:30,UTC+03:30,+00:00,.,",",3,"#,##0.###",۲۵٫۵٪,۱٬۲۳۴٬۵۶۷٫۸۹,arabext
Ísland,Iceland,Ísland,Reykjavik,🇮🇸,"[{""code"":""is"",""iso639_2"":""isl"",""iso639_3"":""isl"",""name"":""Icelandic"",""nativeName"":""Íslenska"",""official"":true,""direction"":""ltr"",""countries"":[]}]",IS,ISL,352,is-IS,7,24h,"EEEE, d. MMMM y",d. MMMM y,d. MMM y,d.M.y,HH:mm:ss zzzz,HH:mm:ss z,HH:mm:ss,HH:mm,yMMMMEEEEd,yMMMMd,yMMMd,yMd,HHmmsszzzz,HHmmssz,HHmmss,HHmm,janúar|febrúar|mars|apríl|maí|júní|júlí|ágúst|september|október|nóvember|desember,jan.|feb.|mar.|apr.|maí|jún.|júl.|ágú.|sep.|okt.|nóv.|des.,J|F|M|A|M|J|J|Á|S|O|N|D,sunnudagur|mánudagur|þriðjudagur|miðvikudagur|fimmtudagur|föstudagur|laugardagur,sun.|mán.|þri.|mið.|fim.|fös.|lau.,S|M|Þ|M|F|F|L,f.h.|e.h.,UTC,UTC,+00:00,",",.,3,"#,##0.###","25,5%","1.234.567,89",latn
Italia,Italian Republic,Italia,Rome,🇮🇹,"[{""code"":""it"",""iso639_2"":""ita"",""iso639_3"":""ita"",""name"":""Italian"",""nativeName"":""Italiano"",""official"":true,""direction"":""ltr"",""countries"":[]}]",IT,ITA,380,it-IT,1,24h,EEEE d MMMM y,d MMMM y,d MMM y,dd/MM/yy,HH:mm:ss zzzz,HH:mm:ss z,HH:mm:ss,HH:mm,yMMMMEEEEd,yMMMMd,yMMMd,yyMMdd,HHmmsszzzz,HHmmssz,HHmmss,HHmm,gennaio|febbraio|marzo|aprile|maggio|giugno|luglio|agosto|settembre|ottobre|novembre|dicembre,gen|feb|mar|apr|mag|giu|lug|ago|set|ott|nov|dic,G|F|M|A|M|G|L|A|S|O|N|D,domenica|lunedì|martedì|mercoledì|giovedì|venerdì|sabato,dom|lun|mar|mer|gio|ven|sab,D|L|M|M|G|V|S,AM|PM,UTC+01:00,UTC+01:00,+00:00,",",.,3,"#,##0.###","25,5%","1.234.567,89",latn
Jersey,Bailiwick of Jersey,Jersey,Saint Helier,🇯🇪,"[{""code"":""en"",""iso639_2"":""eng"",""iso639_3"":""eng"",""name"":""English"",""nativeName"":""English"",""official"":true,""direction"":""ltr"",""countries"":[]},{""code"":""fr"",""iso639_2"":""fra"",""iso639_3"":""fra"",""name"":""French"",""nativeName"":""français"",""official"":true,""direction"":""ltr"",""countries"":[]}]",JE,JEY,832,en-JE,1,12h,"EEEE, MMMM d, y","MMMM d, y","MMM d, y",M/d/yy,h:mm:ss a zzzz,h:mm:ss a z,h:mm:ss a,h:mm a,yMMMMEEEEd,yMMMMd,yMMMd,yyMd,ahmmsszzzz,ahmmssz,ahmmss,ahmm,January|February|March|April|May|June|July|August|September|October|November|December,Jan|Feb|Mar|Apr|May|Jun|Jul|Aug|Sep|Oct|Nov|Dec,J|F|M|A|M|J|J|A|S|O|N|D,Sunday|Monday|Tuesday|Wednesday|Thursday|Friday|Saturday,Sun|Mon|Tue|Wed|Thu|Fri|Sat,S|M|T|W|T|F|S,AM|PM,UTC+01:00,UTC+01:00,+00:00,.,",",3,"#,##0.###",25.5%,"1,234,567.89",latn
Jamaica,Jamaica,Jamaica,Kingston,🇯🇲,"[{""code"":""en"",""iso639_2"":""eng"",""iso639_3"":""eng"",""name"":""English"",""nativeName"":""English"",""official"":true,""direction"":""ltr"",""countries"":[]}]",JM,JAM,388,en-JM,7,12h,"EEEE, MMMM d, y","MMMM d, y","MMM d, y",M/d/yy,h:mm:ss a zzzz,h:mm:ss a z,h:mm:ss a,h:mm a,yMMMMEEEEd,yMMMMd,yMMMd,yyMd,ahmmsszzzz,ahmmssz,ahmmss,ahmm,January|February|March|April|May|June|July|August|September|October|November|December,Jan|Feb|Mar|Apr|May|Jun|Jul|Aug|Sep|Oct|Nov|Dec,J|F|M|A|M|J|J|A|S|O|N|D,Sunday|Monday|Tuesday|Wednesday|Thursday|Friday|Saturday,Sun|Mon|Tue|Wed|Thu|Fri|Sat,S|M|T|W|T|F|S,AM|PM,UTC-05:00,UTC-05:00,+00:00,.,",",3,"#,##0.###",25.5%,"1,234,567.89",latn
الأردن,Hashemite Kingdom of Jordan,الأردن,Amman,🇯🇴,"[{""code"":""ar"",""iso639_2"":""ara"",""iso639_3"":""ara"",""name"":""Arabic"",""nativeName"":""العربية"",""official"":true,""direction"":""ltr"",""countries"":[]}]",JO,JOR,400,ar-JO,6,12h,EEEE، d MMMM y,d MMMM y,dd‏/MM‏/y,d‏/M‏/y,h:mm:ss a zzzz,h:mm:ss a z,h:mm:ss a,h:mm a,yMMMMEEEEd,yMMMMd,yMMdd,yMd,ahmmsszzzz,ahmmssz,ahmmss,ahmm,يناير|فبراير|مارس|أبريل|مايو|يونيو|يوليو|أغسطس|سبتمبر|أكتوبر|نوفمبر|ديسمبر,يناير|فبراير|مارس|أبريل|مايو|يونيو|يوليو|أغسطس|سبتمبر|أكتوبر|نوفمبر|ديسمبر,ي|ف|م|أ|و|ن|ل|غ|س|ك|ب|د,الأحد|الاثنين|الثلاثاء|الأربعاء|الخميس|الجمعة|السبت,الأحد|الاثنين|الثلاثاء|الأربعاء|الخميس|الجمعة|السبت,ح|ن|ث|ر|خ|ج|س,ص|م,UTC+03:00,UTC+03:00,+00:00,.,",",3,"#,##0.###",٢٥٫٥٪؜,١٬٢٣٤٬٥٦٧٫٨٩,latn
日本,Japan,日本,Tokyo,🇯🇵,"[{""code"":""ja"",""iso639_2"":""jpn"",""iso639_3"":""jpn"",""name"":""Japanese"",""nativeName"":""日本語 (にほんご)"",""official"":true,""direction"":""ltr"",""countries"":[]}]",JP,JPN,392,ja-JP,7,24h,y年M月d日EEEE,y年M月d日,y/MM/dd,y/MM/dd,H時mm分ss秒 zzzz,H:mm:ss z,H:mm:ss,H:mm,yMMMEEEEd,yMMMd,yMMdd,yMMdd,Hmmsszzzz,Hmmssz,Hmmss,Hmm,1月|2月|3月|4月|5月|6月|7月|8月|9月|10月|11月|12月,1月|2月|3月|4月|5月|6月|7月|8月|9月|10月|11月|12月,1|2|3|4|5|6|7|8|9|10|11|12,日曜日|月曜日|火曜日|水曜日|木曜日|金曜日|土曜日,日|月|火|水|木|金|土,日|月|火|水|木|金|土,午前|午後,UTC+09:00,UTC+09:00,+00:00,.,",",3,"#,##0.###",25.5%,"1,234,567.89",latn
Kenya,Republic of Kenya,Kenya,Nairobi,🇰🇪,"[{""code"":""en"",""iso639_2"":""eng"",""iso639_3"":""eng"",""name"":""English"",""nativeName"":""English"",""official"":true,""direction"":""ltr"",""countries"":[]},{""code"":""sw"",""iso639_2"":""swa"",""iso639_3"":""swa"",""name"":""Swahili"",""nativeName"":""Kiswahili"",""official"":true,""direction"":""ltr"",""countries"":[]}]",KE,KEN,404,en-KE,7,12h,"EEEE, MMMM d, y","MMMM d, y","MMM d, y",M/d/yy,h:mm:ss a zzzz,h:mm:ss a z,h:mm:ss a,h:mm a,yMMMMEEEEd,yMMMMd,yMMMd,yyMd,ahmmsszzzz,ahmmssz,ahmmss,ahmm,January|February|March|April|May|June|July|August|September|October|November|December,Jan|Feb|Mar|Apr|May|Jun|Jul|Aug|Sep|Oct|Nov|Dec,J|F|M|A|M|J|J|A|S|O|N|D,Sunday|Monday|Tuesday|Wednesday|Thursday|Friday|Saturday,Sun|Mon|Tue|Wed|Thu|Fri|Sat,S|M|T|W|T|F|S,AM|PM,UTC+03:00,UTC+03:00,+00:00,.,",",3,"#,##0.###",25.5%,"1,234,567.89",latn
Кыргызстан,Kyrgyz Republic,Кыргызстан,Bishkek,🇰🇬,"[{""code"":""ky"",""iso639_2"":""kir"",""iso639_3"":""kir"",""name"":""Kyrgyz"",""nativeName"":""Кыргызча"",""official"":true,""direction"":""ltr"",""countries"":[]},{""code"":""ru"",""iso639_2"":""rus"",""iso639_3"":""rus"",""name"":""Russian"",""nativeName"":""Русский"",""official"":true,""direction"":""ltr"",""countries"":[]}]",KG,KGZ,417,ky-KG,1,24h,"y-'ж'., d-MMMM, EEEE","y-'ж'., d-MMMM","y-'ж'., d-MMM",d/M/yy,HH:mm:ss zzzz,HH:mm:ss z,HH:mm:ss,HH:mm,yMMMMEEEEd,yMMMMd,yMMMd,yyMd,HHmmsszzzz,HHmmssz,HHmmss,HHmm,январь|февраль|март|апрель|май|июнь|июль|август|сентябрь|октябрь|ноябрь|декабрь,янв.|фев.|мар.|апр.|май|июн.|июл.|авг.|сен.|окт.|ноя.|дек.,Я|Ф|М|А|М|И|И|А|С|О|Н|Д,жекшемби|дүйшөмбү|шейшемби|шаршемби|бейшемби|жума|ишемби,жек.|дүй.|шейш.|шарш.|бейш.|жума|ишм.,Ж|Д|Ш|Ш|Б|Ж|И,тң|тк,UTC+06:00,UTC+06:00,+00:00,",", ,3,"#,##0.###","25,5%","1 234 567,89",latn
កម្ពុជា,Kingdom of Cambodia,កម្ពុជា,Phnom Penh,🇰🇭,"[{""code"":""km"",""iso639_2"":""khm"",""iso639_3"":""khm"",""name"":""Khmer"",""nativeName"":""ខ្មែរ"",""official"":true,""direction"":""ltr"",""countries"":[]}]",KH,KHM,116,km-KH,7,12h,EEEE d MMMM y,d MMMM y,d MMM y,d/M/yy,h:mm:ss a zzzz,h:mm:ss a z,h:mm:ss a,h:mm a,yMMMMEEEEd,yMMMMd,yMMMd,yyMd,ahmmsszzzz,ahmmssz,ahmmss,ahmm,មករា|កុម្ភៈ|មីនា|មេសា|ឧសភា|មិថុនា|កក្កដា|សីហា|កញ្ញា|តុលា|វិច្ឆិកា|ធ្នូ,មករា|កុម្ភៈ|មីនា|មេសា|ឧសភា|មិថុនា|កក្កដា|សីហា|កញ្ញា|តុលា|វិច្ឆិកា|ធ្នូ,ម|ក|ម|ម|ឧ|ម|ក|ស|ក|ត|វ|ធ,អាទិត្យ|ច័ន្ទ|អង្គារ|ពុធ|ព្រហស្បតិ៍|សុក្រ|សៅរ៍,អាទិត្យ|ចន្ទ|អង្គារ|ពុធ|ព្រហ|សុក្រ|សៅរ៍,អ|ច|អ|ព|ព|ស|ស,AM|PM,UTC+07:00,UTC+07:00,+00:00,.,",",3,"#,##0.###",25.5%,"1,234,567.89",latn
Kiribati,Independent and Sovereign Republic of Kiribati,Kiribati,South Tarawa,🇰🇮,"[{""code"":""en"",""iso639_2"":""eng"",""iso639_3"":""eng"",""name"":""English"",""nativeName"":""English"",""official"":true,""direction"":""ltr"",""countries"":[]}]",KI,KIR,296,en-KI,1,12h,"EEEE, MMMM d, y","MMMM d, y","MMM d, y",M/d/yy,h:mm:ss a zzzz,h:mm:ss a z,h:mm:ss a,h:mm a,yMMMMEEEEd,yMMMMd,yMMMd,yyMd,ahmmsszzzz,ahmmssz,ahmmss,ahmm,January|February|March|April|May|June|July|August|September|October|November|December,Jan|Feb|Mar|Apr|May|Jun|Jul|Aug|Sep|Oct|Nov|Dec,J|F|M|A|M|J|J|A|S|O|N|D,Sunday|Monday|Tuesday|Wednesday|Thursday|Friday|Saturday,Sun|Mon|Tue|Wed|Thu|Fri|Sat,S|M|T|W|T|F|S,AM|PM,UTC+12:00|UTC+13:00|UTC+14:00,UTC+12:00,+00:00,.,",",3,"#,##0.###",25.5%,"1,234,567.89",latn
جزر القمر,Union of the Comoros,جزر القمر,Moroni,🇰🇲,"[{""code"":""ar"",""iso639_2"":""ara"",""iso639_3"":""ara"",""name"":""Arabic"",""nativeName"":""العربية"",""official"":true,""direction"":""ltr"",""countries"":[]},{""code"":""fr"",""iso639_2"":""fra"",""iso639_3"":""fra"",""name"":""French"",""nativeName"":""français"",""official"":true,""direction"":""ltr"",""countries"":[]}]",KM,COM,174,ar-KM,1,12h,EEEE، d MMMM y,d MMMM y,dd‏/MM‏/y,d‏/M‏/y,h:mm:ss a zzzz,h:mm:ss a z,h:mm:ss a,h:mm a,yMMMMEEEEd,yMMMMd,yMMdd,yMd,ahmmsszzzz,ahmmssz,ahmmss,ahmm,يناير|فبراير|مارس|أبريل|مايو|يونيو|يوليو|أغسطس|سبتمبر|أكتوبر|نوفمبر|ديسمبر,يناير|فبراير|مارس|أبريل|مايو|يونيو|يوليو|أغسطس|سبتمبر|أكتوبر|نوفمبر|ديسمبر,ي|ف|م|أ|و|ن|ل|غ|س|ك|ب|د,الأحد|الاثنين|الثلاثاء|الأربعاء|الخميس|الجمعة|السبت,الأحد|الاثنين|الثلاثاء|الأربعاء|الخميس|الجمعة|السبت,ح|ن|ث|ر|خ|ج|س,ص|م,UTC+03:00,UTC+03:00,+00:00,.,",",3,"#,##0.###",٢٥٫٥٪؜,١٬٢٣٤٬٥٦٧٫٨٩,latn
St. Kitts & Nevis,Federation of Saint Christopher and Nevis,St. Kitts & Nevis,Basseterre,🇰🇳,"[{""code"":""en"",""iso639_2"":""eng"",""iso639_3"":""eng"",""name"":""English"",""nativeName"":""English"",""official"":true,""direction"":""ltr"",""countries"":[]}]",KN,KNA,659,en-KN,1,12h,"EEEE, MMMM d, y","MMMM d, y","MMM d, y",M/d/yy,h:mm:ss a zzzz,h:mm:ss a z,h:mm:ss a,h:mm a,yMMMMEEEEd,yMMMMd,yMMMd,yyMd,ahmmsszzzz,ahmmssz,ahmmss,ahmm,January|February|March|April|May|June|July|August|September|October|November|December,Jan|Feb|Mar|Apr|May|Jun|Jul|Aug|Sep|Oct|Nov|Dec,J|F|M|A|M|J|J|A|S|O|N|D,Sunday|Monday|Tuesday|Wednesday|Thursday|Friday|Saturday,Sun|Mon|Tue|Wed|Thu|Fri|Sat,S|M|T|W|T|F|S,AM|PM,UTC-04:00,UTC-04:00,+00:00,.,",",3,"#,##0.###",25.5%,"1,234,567.89",latn
북한,Democratic People's Republic of Korea,북한,Pyongyang,🇰🇵,"[{""code"":""ko"",""iso639_2"":""kor"",""iso639_3"":""kor"",""name"":""Korean"",""nativeName"":""한국어"",""official"":true,""direction"":""ltr"",""countries"":[]}]",KP,PRK,408,ko-KP,1,12h,y년 MMMM d일 EEEE,y년 MMMM d일,y. M. d.,yy. M. d.,a h시 m분 s초 zzzz,a h시 m분 s초 z,a h:mm:ss,a h:mm,yMMMMEEEEd,yMMMMd,yMd,yyMd,ahmszzzz,ahmsz,ahmmss,ahmm,1월|2월|3월|4월|5월|6월|7월|8월|9월|10월|11월|12월,1월|2월|3월|4월|5월|6월|7월|8월|9월|10월|11월|12월,1월|2월|3월|4월|5월|6월|7월|8월|9월|10월|11월|12월,일요일|월요일|화요일|수요일|목요일|금요일|토요일,일|월|화|수|목|금|토,일|월|화|수|목|금|토,오전|오후,UTC+09:00,UTC+09:00,+00:00,.,",",3,"#,##0.###",25.5%,"1,234,567.89",latn
대한민국,Republic of Korea,대한민국,Seoul,🇰🇷,"[{""code"":""ko"",""iso639_2"":""kor"",""iso639_3"":""kor"",""name"":""Korean"",""nativeName"":""한국어"",""official"":true,""direction"":""ltr"",""countries"":[]}]",KR,KOR,410,ko-KR,7,12h,y년 MMMM d일 EEEE,y년 MMMM d일,y. M. d.,yy. M. d.,a h시 m분 s초 zzzz,a h시 m분 s초 z,a h:mm:ss,a h:mm,yMMMMEEEEd,yMMMMd,yMd,yyMd,ahmszzzz,ahmsz,ahmmss,ahmm,1월|2월|3월|4월|5월|6월|7월|8월|9월|10월|11월|12월,1월|2월|3월|4월|5월|6월|7월|8월|9월|10월|11월|12월,1월|2월|3월|4월|5월|6월|7월|8월|9월|10월|11월|12월,일요일|월요일|화요일|수요일|목요일|금요일|토요일,일|월|화|수|목|금|토,일|월|화|수|목|금|토,오전|오후,UTC+09:00,UTC+09:00,+00:00,.,",",3,"#,##0.###",25.5%,"1,234,567.89",latn
الكويت,State of Kuwait,الكويت,Kuwait City,🇰🇼,"[{""code"":""ar"",""iso639_2"":""ara"",""iso639_3"":""ara"",""name"":""Arabic"",""nativeName"":""العربية"",""official"":true,""direction"":""ltr"",""countries"":[]}]",KW,KWT,414,ar-KW,6,12h,EEEE، d MMMM y,d MMMM y,dd‏/MM‏/y,d‏/M‏/y,h:mm:ss a zzzz,h:mm:ss a z,h:mm:ss a,h:mm a,yMMMMEEEEd,yMMMMd,yMMdd,yMd,ahmmsszzzz,ahmmssz,ahmmss,ahmm,يناير|فبراير|مارس|أبريل|مايو|يونيو|يوليو|أغسطس|سبتمبر|أكتوبر|نوفمبر|ديسمبر,يناير|فبراير|مارس|أبريل|مايو|يونيو|يوليو|أغسطس|سبتمبر|أكتوبر|نوفمبر|ديسمبر,ي|ف|م|أ|و|ن|ل|غ|س|ك|ب|د,الأحد|الاثنين|الثلاثاء|الأربعاء|الخميس|الجمعة|السبت,الأحد|الاثنين|الثلاثاء|الأربعاء|الخميس|الجمعة|السبت,ح|ن|ث|ر|خ|ج|س,ص|م,UTC+03:00,UTC+03:00,+00:00,.,",",3,"#,##0.###",٢٥٫٥٪؜,١٬٢٣٤٬٥٦٧٫٨٩,latn
Cayman Islands,Cayman Islands,Cayman Islands,George Town,🇰🇾,"[{""code"":""en"",""iso639_2"":""eng"",""iso639_3"":""eng"",""name"":""English"",""nativeName"":""English"",""official"":true,""direction"":""ltr"",""countries"":[]}]",KY,CYM,136,en-KY,1,12h,"EEEE, MMMM d, y","MMMM d, y","MMM d, y",M/d/yy,h:mm:ss a zzzz,h:mm:ss a z,h:mm:ss a,h:mm a,yMMMMEEEEd,yMMMMd,yMMMd,yyMd,ahmmsszzzz,ahmmssz,ahmmss,ahmm,January|February|March|April|May|June|July|August|September|October|November|December,Jan|Feb|Mar|Apr|May|Jun|Jul|Aug|Sep|Oct|Nov|Dec,J|F|M|A|M|J|J|A|S|O|N|D,Sunday|Monday|Tuesday|Wednesday|Thursday|Friday|Saturday,Sun|Mon|Tue|Wed|Thu|Fri|Sat,S|M|T|W|T|F|S,AM|PM,UTC-05:00,UTC-05:00,+00:00,.,",",3,"#,##0.###",25.5%,"1,234,567.89",latn
Қазақстан,Republic of Kazakhstan,Қазақстан,Astana,🇰🇿,"[{""code"":""kk"",""iso639_2"":""kaz"",""iso639_3"":""kaz"",""name"":""Kazakh"",""nativeName"":""қазақ тілі"",""official"":true,""direction"":""ltr"",""countries"":[]},{""code"":""ru"",""iso639_2"":""rus"",""iso639_3"":""rus"",""name"":""Russian"",""nativeName"":""Русский"",""official"":true,""direction"":""ltr"",""countries"":[]}]",KZ,KAZ,398,kk-KZ,1,24h,"y 'ж'. d MMMM, EEEE",y 'ж'. d MMMM,y 'ж'. dd MMM,dd.MM.yy,HH:mm:ss zzzz,HH:mm:ss z,HH:mm:ss,HH:mm,yMMMMEEEEd,yMMMMd,yMMMdd,yyMMdd,HHmmsszzzz,HHmmssz,HHmmss,HHmm,қаңтар|ақпан|наурыз|сәуір|мамыр|маусым|шілде|тамыз|қыркүйек|қазан|қараша|желтоқсан,қаң.|ақп.|нау.|сәу.|мам.|мау.|шіл.|там.|қыр.|қаз.|қар.|жел.,Қ|А|Н|С|М|М|Ш|Т|Қ|Қ|Қ|Ж,жексенбі|дүйсенбі|сейсенбі|сәрсенбі|бейсенбі|жұма|сенбі,жс|дс|сс|ср|бс|жм|сб,Ж|Д|С|С|Б|Ж|С,AM|PM,UTC+05:00|UTC+06:00,UTC+05:00,+00:00,",", ,3,"#,##0.###","25,5%","1 234 567,89",latn
ລາວ,Lao People's Democratic Republic,ລາວ,Vientiane,🇱🇦,"[{""code"":""lo"",""iso639_2"":""lao"",""iso639_3"":""lao"",""name"":""Lao"",""nativeName"":""ພາສາລາວ"",""official"":true,""direction"":""ltr"",""countries"":[]}]",LA,LAO,418,lo-LA,7,24h,"EEEE, d MMMM y",d MMMM y,d MMM y,d/M/y,H ໂມງ m ນາທີ ss ວິນາທີ zzzz,H ໂມງ m ນາທີ ss ວິນາທີ z,H:mm:ss,H:mm,GyMMMMEEEEd,yMMMMd,yMMMd,yMd,Hmsszzzz,Hmssz,Hmmss,Hmm,ມັງກອນ|ກຸມພາ|ມີນາ|ເມສາ|ພຶດສະພາ|ມິຖຸນາ|ກໍລະກົດ|ສິງຫາ|ກັນຍາ|ຕຸລາ|ພະຈິກ|ທັນວາ,ມ.ກ.|ກ.ພ.|ມ.ນ.|ມ.ສ.|ພ.ພ.|ມິ.ຖ.|ກ.ລ.|ສ.ຫ.|ກ.ຍ.|ຕ.ລ.|ພ.ຈ.|ທ.ວ.,1|2|3|4|5|6|7|8|9|10|11|12,ວັນອາທິດ|ວັນຈັນ|ວັນອັງຄານ|ວັນພຸດ|ວັນພະຫັດ|ວັນສຸກ|ວັນເສົາ,ອາທິດ|ຈັນ|ອັງຄານ|ພຸດ|ພະຫັດ|ສຸກ|ເສົາ,ອາ|ຈ|ອ|ພ|ພຫ|ສຸ|ສ,ກ່ອນທ່ຽງ|ຫຼັງທ່ຽງ,UTC+07:00,UTC+07:00,+00:00,",",.,3,"#,##0.###","25,5%","1.234.567,89",latn
لبنان,Lebanese Republic,لبنان,Beirut,🇱🇧,"[{""code"":""ar"",""iso639_2"":""ara"",""iso639_3"":""ara"",""name"":""Arabic"",""nativeName"":""العربية"",""official"":true,""direction"":""ltr"",""countries"":[]},{""code"":""fr"",""iso639_2"":""fra"",""iso639_3"":""fra"",""name"":""French"",""nativeName"":""français"",""official"":true,""direction"":""ltr"",""countries"":[]}]",LB,LBN,422,ar-LB,1,12h,EEEE، d MMMM y,d MMMM y,dd‏/MM‏/y,d‏/M‏/y,h:mm:ss a zzzz,h:mm:ss a z,h:mm:ss a,h:mm a,yMMMMEEEEd,yMMMMd,yMMdd,yMd,ahmmsszzzz,ahmmssz,ahmmss,ahmm,يناير|فبراير|مارس|أبريل|مايو|يونيو|يوليو|أغسطس|سبتمبر|أكتوبر|نوفمبر|ديسمبر,يناير|فبراير|مارس|أبريل|مايو|يونيو|يوليو|أغسطس|سبتمبر|أكتوبر|نوفمبر|ديسمبر,ي|ف|م|أ|و|ن|ل|غ|س|ك|ب|د,الأحد|الاثنين|الثلاثاء|الأربعاء|الخميس|الجمعة|السبت,الأحد|الاثنين|الثلاثاء|الأربعاء|الخميس|الجمعة|السبت,ح|ن|ث|ر|خ|ج|س,ص|م,UTC+02:00,UTC+02:00,+00:00,.,",",3,"#,##0.###",٢٥٫٥٪؜,١٬٢٣٤٬٥٦٧٫٨٩,latn
St. Lucia,Saint Lucia,St. Lucia,Castries,🇱🇨,"[{""code"":""en"",""iso639_2"":""eng"",""iso639_3"":""eng"",""name"":""English"",""nativeName"":""English"",""official"":true,""direction"":""ltr"",""countries"":[]}]",LC,LCA,662,en-LC,1,12h,"EEEE, MMMM d, y","MMMM d, y","MMM d, y",M/d/yy,h:mm:ss a zzzz,h:mm:ss a z,h:mm:ss a,h:mm a,yMMMMEEEEd,yMMMMd,yMMMd,yyMd,ahmmsszzzz,ahmmssz,ahmmss,ahmm,January|February|March|April|May|June|July|August|September|October|November|December,Jan|Feb|Mar|Apr|May|Jun|Jul|Aug|Sep|Oct|Nov|Dec,J|F|M|A|M|J|J|A|S|O|N|D,Sunday|Monday|Tuesday|Wednesday|Thursday|Friday|Saturday,Sun|Mon|Tue|Wed|Thu|Fri|Sat,S|M|T|W|T|F|S,AM|PM,UTC-04:00,UTC-04:00,+00:00,.,",",3,"#,##0.###",25.5%,"1,234,567.89",latn
Liechtenstein,Principality of Liechtenstein,Liechtenstein,Vaduz,🇱🇮,"[{""code"":""de"",""iso639_2"":""deu"",""iso639_3"":""deu"",""name"":""German"",""nativeName"":""Deutsch"",""official"":true,""direction"":""ltr"",""countries"":[]}]",LI,LIE,438,de-LI,1,24h,"EEEE, d. MMMM y",d. MMMM y,dd.MM.y,dd.MM.yy,HH:mm:ss zzzz,HH:mm:ss z,HH:mm:ss,HH:mm,yMMMMEEEEd,yMMMMd,yMMdd,yyMMdd,HHmmsszzzz,HHmmssz,HHmmss,HHmm,Januar|Februar|März|April|Mai|Juni|Juli|August|September|Oktober|November|Dezember,Jan.|Feb.|März|Apr.|Mai|Juni|Juli|Aug.|Sept.|Okt.|Nov.|Dez.,J|F|M|A|M|J|J|A|S|O|N|D,Sonntag|Montag|Dienstag|Mittwoch|Donnerstag|Freitag|Samstag,So.|Mo.|Di.|Mi.|Do.|Fr.|Sa.,S|M|D|M|D|F|S,AM|PM,UTC+01:00,UTC+01:00,+00:00,",",.,3,"#,##0.###",25.5%,1'234'567.89,latn
ශ්‍රී ලංකාව,Democratic Socialist Republic of Sri Lanka,ශ්‍රී ලංකාව,Colombo,🇱🇰,"[{""code"":""si"",""iso639_2"":""sin"",""iso639_3"":""sin"",""name"":""Sinhalese"",""nativeName"":""සිංහල"",""official"":true,""direction"":""ltr"",""countries"":[]},{""code"":""ta"",""iso639_2"":""tam"",""iso639_3"":""tam"",""name"":""Tamil"",""nativeName"":""தமிழ்"",""official"":true,""direction"":""ltr"",""countries"":[]}]",LK,LKA,144,si-LK,1,24h,"y MMMM d, EEEE",y MMMM d,y MMM d,y-MM-dd,HH.mm.ss zzzz,HH.mm.ss z,HH.mm.ss,HH.mm,yMMMMEEEEd,yMMMMd,yMMMd,yMMdd,HHmmsszzzz,HHmmssz,HHmmss,HHmm,දුරුතු|නවම්|මැදින්|බක්|වෙසක්|පොසොන්|ඇසළ|නිකිණි|බිනර|වප්|ඉල්|උඳුවප්,දුරුතු|නවම්|මැදින්|බක්|වෙසක්|පොසොන්|ඇසළ|නිකිණි|බිනර|වප්|ඉල්|උඳුවප්,දු|න|මැ|බ|වෙ|පො|ඇ|නි|බි|ව|ඉ|උ,ඉරිදා|සඳුදා|අඟහරුවාදා|බදාදා|බ්‍රහස්පතින්දා|සිකුරාදා|සෙනසුරාදා,ඉරිදා|සඳුදා|අඟහ|බදාදා|බ්‍රහස්|සිකු|සෙන,ඉ|ස|අ|බ|බ්‍ර|සි|සෙ,පෙ.ව.|ප.ව.,UTC+05:30,UTC+05:30,+00:00,.,",",3,"#,##0.###",25.5%,"1,234,567.89",latn
Liberia,Republic of Liberia,Liberia,Monrovia,🇱🇷,"[{""code"":""en"",""iso639_2"":""eng"",""iso639_3"":""eng"",""name"":""English"",""nativeName"":""English"",""official"":true,""direction"":""ltr"",""countries"":[]}]",LR,LBR,430,en-LR,1,12h,"EEEE, MMMM d, y","MMMM d, y","MMM d, y",M/d/yy,h:mm:ss a zzzz,h:mm:ss a z,h:mm:ss a,h:mm a,yMMMMEEEEd,yMMMMd,yMMMd,yyMd,ahmmsszzzz,ahmmssz,ahmmss,ahmm,January|February|March|April|May|June|July|August|September|October|November|December,Jan|Feb|Mar|Apr|May|Jun|Jul|Aug|Sep|Oct|Nov|Dec,J|F|M|A|M|J|J|A|S|O|N|D,Sunday|Monday|Tuesday|Wednesday|Thursday|Friday|Saturday,Sun|Mon|Tue|Wed|Thu|Fri|Sat,S|M|T|W|T|F|S,AM|PM,UTC,UTC,+00:00,.,",",3,"#,##0.###",25.5%,"1,234,567.89",latn
Lesotho,Kingdom of Lesotho,Lesotho,Maseru,🇱🇸,"[{""code"":""en"",""iso639_2"":""eng"",""iso639_3"":""eng"",""name"":""English"",""nativeName"":""English"",""official"":true,""direction"":""ltr"",""countries"":[]},{""code"":""st"",""iso639_2"":""sot"",""iso639_3"":""sot"",""name"":""Southern Sotho"",""nativeName"":""Sesotho"",""official"":true,""direction"":""ltr"",""countries"":[]}]",LS,LSO,426,en-LS,1,12h,"EEEE, MMMM d, y","MMMM d, y","MMM d, y",M/d/yy,h:mm:ss a zzzz,h:mm:ss a z,h:mm:ss a,h:mm a,yMMMMEEEEd,yMMMMd,yMMMd,yyMd,ahmmsszzzz,ahmmssz,ahmmss,ahmm,January|February|March|April|May|June|July|August|September|October|November|December,Jan|Feb|Mar|Apr|May|Jun|Jul|Aug|Sep|Oct|Nov|Dec,J|F|M|A|M|J|J|A|S|O|N|D,Sunday|Monday|Tuesday|Wednesday|Thursday|Friday|Saturday,Sun|Mon|Tue|Wed|Thu|Fri|Sat,S|M|T|W|T|F|S,AM|PM,UTC+02:00,UTC+02:00,+00:00,.,",",3,"#,##0.###",25.5%,"1,234,567.89",latn
Lietuva,Republic of Lithuania,Lietuva,Vilnius,🇱🇹,"[{""code"":""lt"",""iso639_2"":""lit"",""iso639_3"":""lit"",""name"":""Lithuanian"",""nativeName"":""lietuvių kalba"",""official"":true,""direction"":""ltr"",""countries"":[]}]",LT,LTU,440,lt-LT,1,24h,"y 'm'. MMMM d 'd'., EEEE",y 'm'. MMMM d 'd'.,y-MM-dd,y-MM-dd,HH:mm:ss zzzz,HH:mm:ss z,HH:mm:ss,HH:mm,yMMMMEEEEd,yMMMMd,yMMdd,yMMdd,HHmmsszzzz,HHmmssz,HHmmss,HHmm,sausio|vasario|kovo|balandžio|gegužės|birželio|liepos|rugpjūčio|rugsėjo|spalio|lapkričio|gruodžio,saus.|vas.|kov.|bal.|geg.|birž.|liep.|rugp.|rugs.|spal.|lapkr.|gruod.,S|V|K|B|G|B|L|R|R|S|L|G,sekmadienis|pirmadienis|antradienis|trečiadienis|ketvirtadienis|penktadienis|šeštadienis,sk|pr|an|tr|kt|pn|št,S|P|A|T|K|P|Š,priešpiet|popiet,UTC+02:00,UTC+02:00,+00:00,",", ,3,"#,##0.###","25,5 %","1 234 567,89",latn
Luxembourg,Grand Duchy of Luxembourg,Luxembourg,Luxembourg,🇱🇺,"[{""code"":""fr"",""iso639_2"":""fra"",""iso639_3"":""fra"",""name"":""French"",""nativeName"":""français"",""official"":true,""direction"":""ltr"",""countries"":[]},{""code"":""de"",""iso639_2"":""deu"",""iso639_3"":""deu"",""name"":""German"",""nativeName"":""Deutsch"",""official"":true,""direction"":""ltr"",""countries"":[]},{""code"":""lb"",""iso639_2"":""ltz"",""iso639_3"":""ltz"",""name"":""Luxembourgish"",""nativeName"":""Lëtzebuergesch"",""official"":true,""direction"":""ltr"",""countries"":[]}]",LU,LUX,442,fr-LU,1,24h,EEEE d MMMM y,d MMMM y,d MMM y,dd/MM/y,HH:mm:ss zzzz,HH:mm:ss z,HH:mm:ss,HH:mm,yMMMMEEEEd,yMMMMd,yMMMd,yMMdd,HHmmsszzzz,HHmmssz,HHmmss,HHmm,janvier|février|mars|avril|mai|juin|juillet|août|septembre|octobre|novembre|décembre,janv.|févr.|mars|avr.|mai|juin|juil.|août|sept.|oct.|nov.|déc.,J|F|M|A|M|J|J|A|S|O|N|D,dimanche|lundi|mardi|mercredi|jeudi|vendredi|samedi,dim.|lun.|mar.|mer.|jeu.|ven.|sam.,D|L|M|M|J|V|S,AM|PM,UTC+01:00,UTC+01:00,+00:00,",", ,3,"#,##0.###","25,5 %","1.234.567,89",latn
Latvija,Republic of Latvia,Latvija,Riga,🇱🇻,"[{""code"":""lv"",""iso639_2"":""lav"",""iso639_3"":""lav"",""name"":""Latvian"",""nativeName"":""latviešu valoda"",""official"":true,""direction"":""ltr"",""countries"":[]}]",LV,LVA,428,lv-LV,1,24h,"EEEE, y. 'gada' d. MMMM",y. 'gada' d. MMMM,y. 'gada' d. MMM,dd.MM.yy,HH:mm:ss zzzz,HH:mm:ss z,HH:mm:ss,HH:mm,yMMMMEEEEd,yMMMMd,yMMMd,yyMMdd,HHmmsszzzz,HHmmssz,HHmmss,HHmm,janvāris|februāris|marts|aprīlis|maijs|jūnijs|jūlijs|augusts|septembris|oktobris|novembris|decembris,janv.|febr.|marts|apr.|maijs|jūn.|jūl.|aug.|sept.|okt.|nov.|dec.,J|F|M|A|M|J|J|A|S|O|N|D,svētdiena|pirmdiena|otrdiena|trešdiena|ceturtdiena|piektdiena|sestdiena,svētd.|pirmd.|otrd.|trešd.|ceturtd.|piektd.|sestd.,S|P|O|T|C|P|S,priekšp.|pēcp.,UTC+02:00,UTC+02:00,+00:00,",", ,3,"#,##0.###","25,5%","1 234 567,89",latn
ليبيا,State of Libya,ليبيا,Tripoli,🇱🇾,"[{""code"":""ar"",""iso639_2"":""ara"",""iso639_3"":""ara"",""name"":""Arabic"",""nativeName"":""العربية"",""official"":true,""direction"":""ltr"",""countries"":[]}]",LY,LBY,434,ar-LY,6,12h,EEEE، d MMMM y,d MMMM y,dd‏/MM‏/y,d‏/M‏/y,h:mm:ss a zzzz,h:mm:ss a z,h:mm:ss a,h:mm a,yMMMMEEEEd,yMMMMd,yMMdd,yMd,ahmmsszzzz,ahmmssz,ahmmss,ahmm,يناير|فبراير|مارس|أبريل|مايو|يونيو|يوليو|أغسطس|سبتمبر|أكتوبر|نوفمبر|ديسمبر,يناير|فبراير|مارس|أبريل|مايو|يونيو|يوليو|أغسطس|سبتمبر|أكتوبر|نوفمبر|ديسمبر,ي|ف|م|أ|و|ن|ل|غ|س|ك|ب|د,الأحد|الاثنين|الثلاثاء|الأربعاء|الخميس|الجمعة|السبت,الأحد|الاثنين|الثلاثاء|الأربعاء|الخميس|الجمعة|السبت,ح|ن|ث|ر|خ|ج|س,ص|م,UTC+01:00,UTC+01:00,+00:00,.,",",3,"#,##0.###","25,5‎%‎","1.234.567,89",latn
المغرب,Kingdom of Morocco,المغرب,Rabat,🇲🇦,"[{""code"":""ar"",""iso639_2"":""ara"",""iso639_3"":""ara"",""name"":""Arabic"",""nativeName"":""العربية"",""official"":true,""direction"":""ltr"",""countries"":[]}]",MA,MAR,504,ar-MA,1,12h,EEEE، d MMMM y,d MMMM y,dd‏/MM‏/y,d‏/M‏/y,h:mm:ss a zzzz,h:mm:ss a z,h:mm:ss a,h:mm a,yMMMMEEEEd,yMMMMd,yMMdd,yMd,ahmmsszzzz,ahmmssz,ahmmss,ahmm,يناير|فبراير|مارس|أبريل|مايو|يونيو|يوليو|أغسطس|سبتمبر|أكتوبر|نوفمبر|ديسمبر,يناير|فبراير|مارس|أبريل|مايو|يونيو|يوليو|أغسطس|سبتمبر|أكتوبر|نوفمبر|ديسمبر,ي|ف|م|أ|و|ن|ل|غ|س|ك|ب|د,الأحد|الاثنين|الثلاثاء|الأربعاء|الخميس|الجمعة|السبت,الأحد|الاثنين|الثلاثاء|الأربعاء|الخميس|الجمعة|السبت,ح|ن|ث|ر|خ|ج|س,ص|م,UTC,UTC,+00:00,.,",",3,"#,##0.###","25,5‎%‎","1.234.567,89",latn
Monaco,Principality of Monaco,Monaco,Monaco,🇲🇨,"[{""code"":""fr"",""iso639_2"":""fra"",""iso639_3"":""fra"",""name"":""French"",""nativeName"":""français"",""official"":true,""direction"":""ltr"",""countries"":[]}]",MC,MCO,492,fr-MC,1,24h,EEEE d MMMM y,d MMMM y,d MMM y,dd/MM/y,HH:mm:ss zzzz,HH:mm:ss z,HH:mm:ss,HH:mm,yMMMMEEEEd,yMMMMd,yMMMd,yMMdd,HHmmsszzzz,HHmmssz,HHmmss,HHmm,janvier|février|mars|avril|mai|juin|juillet|août|septembre|octobre|novembre|décembre,janv.|févr.|mars|avr.|mai|juin|juil.|août|sept.|oct.|nov.|déc.,J|F|M|A|M|J|J|A|S|O|N|D,dimanche|lundi|mardi|mercredi|jeudi|vendredi|samedi,dim.|lun.|mar.|mer.|jeu.|ven.|sam.,D|L|M|M|J|V|S,AM|PM,UTC+01:00,UTC+01:00,+00:00,",", ,3,"#,##0.###","25,5 %","1 234 567,89",latn
Republica Moldova,Republic of Moldova,Republica Moldova,Chișinău,🇲🇩,"[{""code"":""ro"",""iso639_2"":""ron"",""iso639_3"":""ron"",""name"":""Romanian"",""nativeName"":""Română"",""official"":true,""direction"":""ltr"",""countries"":[]}]",MD,MDA,498,ro-MD,1,24h,"EEEE, d MMMM y",d MMMM y,d MMM y,dd.MM.y,HH:mm:ss zzzz,HH:mm:ss z,HH:mm:ss,HH:mm,yMMMMEEEEd,yMMMMd,yMMMd,yMMdd,HHmmsszzzz,HHmmssz,HHmmss,HHmm,ianuarie|februarie|martie|aprilie|mai|iunie|iulie|august|septembrie|octombrie|noiembrie|decembrie,ian.|feb.|mar.|apr.|mai|iun.|iul.|aug.|sept.|oct.|nov.|dec.,I|F|M|A|M|I|I|A|S|O|N|D,duminică|luni|marți|miercuri|joi|vineri|sâmbătă,dum.|lun.|mar.|mie.|joi|vin.|sâm.,D|L|M|M|J|V|S,a.m.|p.m.,UTC+02:00,UTC+02:00,+00:00,",",.,3,"#,##0.###","25,5 %","1.234.567,89",latn
Црна Гора,Montenegro,Црна Гора,Podgorica,🇲🇪,"[{""code"":""sr"",""iso639_2"":""srp"",""iso639_3"":""srp"",""name"":""Serbian"",""nativeName"":""српски језик"",""official"":true,""direction"":""ltr"",""countries"":[]},{""code"":""bs"",""iso639_2"":""bos"",""iso639_3"":""bos"",""name"":""Bosnian"",""nativeName"":""bosanski jezik"",""official"":true,""direction"":""ltr"",""countries"":[]},{""code"":""sq"",""iso639_2"":""sqi"",""iso639_3"":""sqi"",""name"":""Albanian"",""nativeName"":""Shqip"",""official"":true,""direction"":""ltr"",""countries"":[]},{""code"":""hr"",""iso639_2"":""hrv"",""iso639_3"":""hrv"",""name"":""Croatian"",""nativeName"":""hrvatski jezik"",""official"":true,""direction"":""ltr"",""countries"":[]}]",ME,MNE,499,sr-ME,1,24h,"EEEE, d. MMMM y.",d. MMMM y.,d. M. y.,d. M. y.,HH:mm:ss zzzz,HH:mm:ss z,HH:mm:ss,HH:mm,yMMMMEEEEdd,yMMMMdd,yMMdd,yyMd,HHmmsszzzz,HHmmssz,HHmmss,HHmm,јануар|фебруар|март|април|мај|јун|јул|август|септембар|октобар|новембар|децембар,јан|феб|мар|апр|мај|јун|јул|авг|сеп|окт|нов|дец,ј|ф|м|а|м|ј|ј|а|с|о|н|д,недеља|понедељак|уторак|среда|четвртак|петак|субота,нед|пон|уто|сре|чет|пет|суб,н|п|у|с|ч|п|с,AM|PM,UTC+01:00,UTC+01:00,+00:00,",",.,3,"#,##0.###","25,5%","1.234.567,89",latn
St. Martin,Saint Martin,St. Martin,Marigot,🇲🇫,"[{""code"":""en"",""iso639_2"":""eng"",""iso639_3"":""eng"",""name"":""English"",""nativeName"":""English"",""official"":true,""direction"":""ltr"",""countries"":[]},{""code"":""fr"",""iso639_2"":""fra"",""iso639_3"":""fra"",""name"":""French"",""nativeName"":""français"",""official"":true,""direction"":""ltr"",""countries"":[]},{""code"":""nl"",""iso639_2"":""nld"",""iso639_3"":""nld"",""name"":""Dutch"",""nativeName"":""Nederlands"",""official"":true,""direction"":""ltr"",""countries"":[]}]",MF,MAF,663,en-MF,1,12h,"EEEE, MMMM d, y","MMMM d, y","MMM d, y",M/d/yy,h:mm:ss a zzzz,h:mm:ss a z,h:mm:ss a,h:mm a,yMMMMEEEEd,yMMMMd,yMMMd,yyMd,ahmmsszzzz,ahmmssz,ahmmss,ahmm,January|February|March|April|May|June|July|August|September|October|November|December,Jan|Feb|Mar|Apr|May|Jun|Jul|Aug|Sep|Oct|Nov|Dec,J|F|M|A|M|J|J|A|S|O|N|D,Sunday|Monday|Tuesday|Wednesday|Thursday|Friday|Saturday,Sun|Mon|Tue|Wed|Thu|Fri|Sat,S|M|T|W|T|F|S,AM|PM,UTC-04:00,UTC-04:00,+00:00,.,",",3,"#,##0.###",25.5%,"1,234,567.89",latn
Madagascar,Republic of Madagascar,Madagascar,Antananarivo,🇲🇬,"[{""code"":""fr"",""iso639_2"":""fra"",""iso639_3"":""fra"",""name"":""French"",""nativeName"":""français"",""official"":true,""direction"":""ltr"",""countries"":[]},{""code"":""mg"",""iso639_2"":""mlg"",""iso639_3"":""mlg"",""name"":""Malagasy"",""nativeName"":""fiteny malagasy"",""official"":true,""direction"":""ltr"",""countries"":[]}]",MG,MDG,450,fr-MG,1,24h,EEEE d MMMM y,d MMMM y,d MMM y,dd/MM/y,HH:mm:ss zzzz,HH:mm:ss z,HH:mm:ss,HH:mm,yMMMMEEEEd,yMMMMd,yMMMd,yMMdd,HHmmsszzzz,HHmmssz,HHmmss,HHmm,janvier|février|mars|avril|mai|juin|juillet|août|septembre|octobre|novembre|décembre,janv.|févr.|mars|avr.|mai|juin|juil.|août|sept.|oct.|nov.|déc.,J|F|M|A|M|J|J|A|S|O|N|D,dimanche|lundi|mardi|mercredi|jeudi|vendredi|samedi,dim.|lun.|mar.|mer.|jeu.|ven.|sam.,D|L|M|M|J|V|S,AM|PM,UTC+03:00,UTC+03:00,+00:00,",", ,3,"#,##0.###","25,5 %","1 234 567,89",latn
Marshall Islands,Republic of the Marshall Islands,Marshall Islands,Majuro,🇲🇭,"[{""code"":""en"",""iso639_2"":""eng"",""iso639_3"":""eng"",""name"":""English"",""nativeName"":""English"",""official"":true,""direction"":""ltr"",""countries"":[]},{""code"":""mh"",""iso639_2"":""mah"",""iso639_3"":""mah"",""name"":""Marshallese"",""nativeName"":""Kajin M̧ajeļ"",""official"":true,""direction"":""ltr"",""countries"":[]}]",MH,MHL,584,en-MH,7,12h,"EEEE, MMMM d, y","MMMM d, y","MMM d, y",M/d/yy,h:mm:ss a zzzz,h:mm:ss a z,h:mm:ss a,h:mm a,yMMMMEEEEd,yMMMMd,yMMMd,yyMd,ahmmsszzzz,ahmmssz,ahmmss,ahmm,January|February|March|April|May|June|July|August|September|October|November|December,Jan|Feb|Mar|Apr|May|Jun|Jul|Aug|Sep|Oct|Nov|Dec,J|F|M|A|M|J|J|A|S|O|N|D,Sunday|Monday|Tuesday|Wednesday|Thursday|Friday|Saturday,Sun|Mon|Tue|Wed|Thu|Fri|Sat,S|M|T|W|T|F|S,AM|PM,UTC+12:00,UTC+12:00,+00:00,.,",",3,"#,##0.###",25.5%,"1,234,567.89",latn
Северна Македонија,Republic of North Macedonia,Северна Македонија,Skopje,🇲🇰,"[{""code"":""mk"",""iso639_2"":""mkd"",""iso639_3"":""mkd"",""name"":""Macedonian"",""nativeName"":""македонски јазик"",""official"":true,""direction"":""ltr"",""countries"":[]}]",MK,MKD,807,mk-MK,1,24h,"EEEE, d MMMM y 'г'.",d MMMM y 'г'.,d MMM y 'г'.,d.M.y 'г'.,HH:mm:ss zzzz,HH:mm:ss z,HH:mm:ss,HH:mm,yMMMMEEEEd,yMMMMd,yMd,yyMd,HHmmsszzzz,HHmmssz,HHmmss,HHmm,јануари|февруари|март|април|мај|јуни|јули|август|септември|октомври|ноември|декември,јан.|фев.|мар.|апр.|мај|јун.|јул.|авг.|сеп.|окт.|ное.|дек.,ј|ф|м|а|м|ј|ј|а|с|о|н|д,недела|понеделник|вторник|среда|четврток|петок|сабота,нед.|пон.|вто.|сре.|чет.|пет.|саб.,н|п|в|с|ч|п|с,претпл.|попл.,UTC+01:00,UTC+01:00,+00:00,",",.,3,"#,##0.###","25,5 %","1.234.567,89",latn
Mali,Republic of Mali,Mali,Bamako,🇲🇱,"[{""code"":""fr"",""iso639_2"":""fra"",""iso639_3"":""fra"",""name"":""French"",""nativeName"":""français"",""official"":true,""direction"":""ltr"",""countries"":[]}]",ML,MLI,466,fr-ML,1,24h,EEEE d MMMM y,d MMMM y,d MMM y,dd/MM/y,HH:mm:ss zzzz,HH:mm:ss z,HH:mm:ss,HH:mm,yMMMMEEEEd,yMMMMd,yMMMd,yMMdd,HHmmsszzzz,HHmmssz,HHmmss,HHmm,janvier|février|mars|avril|mai|juin|juillet|août|septembre|octobre|novembre|décembre,janv.|févr.|mars|avr.|mai|juin|juil.|août|sept.|oct.|nov.|déc.,J|F|M|A|M|J|J|A|S|O|N|D,dimanche|lundi|mardi|mercredi|jeudi|vendredi|samedi,dim.|lun.|mar.|mer.|jeu.|ven.|sam.,D|L|M|M|J|V|S,AM|PM,UTC,UTC,+00:00,",", ,3,"#,##0.###","25,5 %","1 234 567,89",latn
မြန်မာ,Republic of the Union of Myanmar,မြန်မာ,Naypyidaw,🇲🇲,"[{""code"":""my"",""iso639_2"":""mya"",""iso639_3"":""mya"",""name"":""Burmese"",""nativeName"":""ဗမာစာ"",""official"":true,""direction"":""ltr"",""countries"":[]}]",MM,MMR,104,my-MM,7,24h,y MMMM d EEEE,y MMMM d,y MMM d,d/M/yy,zzzz HH:mm:ss,z HH:mm:ss,H:mm:ss,H:mm,yMMMMEEEEd,yMMMMd,yMMMd,yyMMdd,HHmmsszzzz,HHmmssz,HHmmss,Hmm,ဇန်နဝါရီ|ဖေဖော်ဝါရီ|မတ်|ဧပြီ|မေ|ဇွန်|ဇူလိုင်|ဩဂုတ်|စက်တင်ဘာ|အောက်တိုဘာ|နိုဝင်ဘာ|ဒီဇင်ဘာ,ဇန်|ဖေ|မတ်|ဧ|မေ|ဇွန်|ဇူ|ဩ|စက်|အောက်|နို|ဒီ,ဇ|ဖ|မ|ဧ|မ|ဇ|ဇ|ဩ|စ|အ|န|ဒ,တနင်္ဂနွေ|တနင်္လာ|အင်္ဂါ|ဗုဒ္ဓဟူး|ကြာသပတေး|သောကြာ|စနေ,တနင်္ဂနွေ|တနင်္လာ|အင်္ဂါ|ဗုဒ္ဓဟူး|ကြာသပတေး|သောကြာ|စနေ,တ|တ|အ|ဗ|က|သ|စ,နံနက်|ညနေ,UTC+06:30,UTC+06:30,+00:00,.,",",3,"#,##0.###",၂၅.၅%,"၁,၂၃၄,၅၆၇.၈၉",mymr
Монгол,Mongolia,Монгол,Ulan Bator,🇲🇳,"[{""code"":""mn"",""iso639_2"":""mon"",""iso639_3"":""mon"",""name"":""Mongolian"",""nativeName"":""Монгол хэл"",""official"":true,""direction"":""ltr"",""countries"":[]}]",MN,MNG,496,mn-MN,1,24h,"y 'оны' MMMM'ын' d, EEEE 'гараг'",y 'оны' MMMM'ын' d,y 'оны' MMM'ын' d,y.MM.dd,HH:mm:ss (zzzz),HH:mm:ss (z),HH:mm:ss,HH:mm,yMMMMEEEEd,yMMMMd,yMMMd,yMMdd,HHmmsszzzz,HHmmssz,HHmmss,HHmm,нэгдүгээр сар|хоёрдугаар сар|гуравдугаар сар|дөрөвдүгээр сар|тавдугаар сар|зургаадугаар сар|долоодугаар сар|наймдугаар сар|есдүгээр сар|аравдугаар сар|арван нэгдүгээр сар|арван хоёрдугаар сар,1-р сар|2-р сар|3-р сар|4-р сар|5-р сар|6-р сар|7-р сар|8-р сар|9-р сар|10-р сар|11-р сар|12-р сар,I|II|III|IV|V|VI|VII|VIII|IX|X|XI|XII,ням|даваа|мягмар|лхагва|пүрэв|баасан|бямба,Ня|Да|Мя|Лх|Пү|Ба|Бя,Ня|Да|Мя|Лх|Пү|Ба|Бя,ү.ө.|ү.х.,UTC+07:00|UTC+08:00,UTC+07:00,+00:00,.,",",3,"#,##0.###",25.5%,"1,234,567.89",latn
中国澳门特别行政区,Macao Special Administrative Region of the People's Republic of China,中国澳门特别行政区,Concelho de Macau,🇲🇴,"[{""code"":""zh"",""iso639_2"":""zho"",""iso639_3"":""zho"",""name"":""Chinese"",""nativeName"":""中文 (Zhōngwén)"",""official"":true,""direction"":""ltr"",""countries"":[]},{""code"":""pt"",""iso639_2"":""por"",""iso639_3"":""por"",""name"":""Portuguese"",""nativeName"":""Português"",""official"":true,""direction"":""ltr"",""countries"":[]}]",MO,MAC,446,zh-MO,7,24h,y年M月d日EEEE,y年M月d日,y年M月d日,y/M/d,zzzz HH:mm:ss,z HH:mm:ss,HH:mm:ss,HH:mm,yMMMEEEEd,yMMMd,yMMMd,yMd,HHmmsszzzz,HHmmssz,HHmmss,HHmm,一月|二月|三月|四月|五月|六月|七月|八月|九月|十月|十一月|十二月,1月|2月|3月|4月|5月|6月|7月|8月|9月|10月|11月|12月,1|2|3|4|5|6|7|8|9|10|11|12,星期日|星期一|星期二|星期三|星期四|星期五|星期六,周日|周一|周二|周三|周四|周五|周六,日|一|二|三|四|五|六,上午|下午,UTC+08:00,UTC+08:00,+00:00,.,",",3,"#,##0.###",25.5%,"1,234,567.89",latn
Northern Mariana Islands,Commonwealth of the Northern Mariana Islands,Northern Mariana Islands,Saipan,🇲🇵,"[{""code"":""en"",""iso639_2"":""eng"",""iso639_3"":""eng"",""name"":""English"",""nativeName"":""English"",""official"":true,""direction"":""ltr"",""countries"":[]},{""code"":""ch"",""iso639_2"":""cha"",""iso639_3"":""cha"",""name"":""Chamorro"",""nativeName"":""Chamoru"",""official"":true,""direction"":""ltr"",""countries"":[]}]",MP,MNP,580,en-MP,1,12h,"EEEE, MMMM d, y","MMMM d, y","MMM d, y",M/d/yy,h:mm:ss a zzzz,h:mm:ss a z,h:mm:ss a,h:mm a,yMMMMEEEEd,yMMMMd,yMMMd,yyMd,ahmmsszzzz,ahmmssz,ahmmss,ahmm,January|February|March|April|May|June|July|August|September|October|November|December,Jan|Feb|Mar|Apr|May|Jun|Jul|Aug|Sep|Oct|Nov|Dec,J|F|M|A|M|J|J|A|S|O|N|D,Sunday|Monday|Tuesday|Wednesday|Thursday|Friday|Saturday,Sun|Mon|Tue|Wed|Thu|Fri|Sat,S|M|T|W|T|F|S,AM|PM,UTC+10:00,UTC+10:00,+00:00,.,",",3,"#,##0.###",25.5%,"1,234,567.89",latn
Martinique,Martinique,Martinique,Fort-de-France,🇲🇶,"[{""code"":""fr"",""iso639_2"":""fra"",""iso639_3"":""fra"",""name"":""French"",""nativeName"":""français"",""official"":true,""direction"":""ltr"",""countries"":[]}]",MQ,MTQ,474,fr-MQ,1,24h,EEEE d MMMM y,d MMMM y,d MMM y,dd/MM/y,HH:mm:ss zzzz,HH:mm:ss z,HH:mm:ss,HH:mm,yMMMMEEEEd,yMMMMd,yMMMd,yMMdd,HHmmsszzzz,HHmmssz,HHmmss,HHmm,janvier|février|mars|avril|mai|juin|juillet|août|septembre|octobre|novembre|décembre,janv.|févr.|mars|avr.|mai|juin|juil.|août|sept.|oct.|nov.|déc.,J|F|M|A|M|J|J|A|S|O|N|D,dimanche|lundi|mardi|mercredi|jeudi|vendredi|samedi,dim.|lun.|mar.|mer.|jeu.|ven.|sam.,D|L|M|M|J|V|S,AM|PM,UTC-04:00,UTC-04:00,+00:00,",", ,3,"#,##0.###","25,5 %","1 234 567,89",latn
موريتانيا,Islamic Republic of Mauritania,موريتانيا,Nouakchott,🇲🇷,"[{""code"":""ar"",""iso639_2"":""ara"",""iso639_3"":""ara"",""name"":""Arabic"",""nativeName"":""العربية"",""official"":true,""direction"":""ltr"",""countries"":[]}]",MR,MRT,478,ar-MR,1,12h,EEEE، d MMMM y,d MMMM y,dd‏/MM‏/y,d‏/M‏/y,h:mm:ss a zzzz,h:mm:ss a z,h:mm:ss a,h:mm a,yMMMMEEEEd,yMMMMd,yMMdd,yMd,ahmmsszzzz,ahmmssz,ahmmss,ahmm,يناير|فبراير|مارس|أبريل|مايو|يونيو|يوليو|أغسطس|سبتمبر|أكتوبر|نوفمبر|ديسمبر,يناير|فبراير|مارس|أبريل|مايو|يونيو|يوليو|أغسطس|سبتمبر|أكتوبر|نوفمبر|ديسمبر,ي|ف|م|أ|و|ن|ل|غ|س|ك|ب|د,الأحد|الاثنين|الثلاثاء|الأربعاء|الخميس|الجمعة|السبت,الأحد|الاثنين|الثلاثاء|الأربعاء|الخميس|الجمعة|السبت,ح|ن|ث|ر|خ|ج|س,ص|م,UTC,UTC,+00:00,.,",",3,"#,##0.###",٢٥٫٥٪؜,١٬٢٣٤٬٥٦٧٫٨٩,latn
Montserrat,Montserrat,Montserrat,Plymouth,🇲🇸,"[{""code"":""en"",""iso639_2"":""eng"",""iso639_3"":""eng"",""name"":""English"",""nativeName"":""English"",""official"":true,""direction"":""ltr"",""countries"":[]}]",MS,MSR,500,en-MS,1,12h,"EEEE, MMMM d, y","MMMM d, y","MMM d, y",M/d/yy,h:mm:ss a zzzz,h:mm:ss a z,h:mm:ss a,h:mm a,yMMMMEEEEd,yMMMMd,yMMMd,yyMd,ahmmsszzzz,ahmmssz,ahmmss,ahmm,January|February|March|April|May|June|July|August|September|October|November|December,Jan|Feb|Mar|Apr|May|Jun|Jul|Aug|Sep|Oct|Nov|Dec,J|F|M|A|M|J|J|A|S|O|N|D,Sunday|Monday|Tuesday|Wednesday|Thursday|Friday|Saturday,Sun|Mon|Tue|Wed|Thu|Fri|Sat,S|M|T|W|T|F|S,AM|PM,UTC-04:00,UTC-04:00,+00:00,.,",",3,"#,##0.###",25.5%,"1,234,567.89",latn
Malta,Republic of Malta,Malta,Valletta,🇲🇹,"[{""code"":""mt"",""iso639_2"":""mlt"",""iso639_3"":""mlt"",""name"":""Maltese"",""nativeName"":""Malti"",""official"":true,""direction"":""ltr"",""countries"":[]},{""code"":""en"",""iso639_2"":""eng"",""iso639_3"":""eng"",""name"":""English"",""nativeName"":""English"",""official"":true,""direction"":""ltr"",""countries"":[]}]",MT,MLT,470,mt-MT,7,24h,"EEEE, d 'ta'’ MMMM y",d 'ta'’ MMMM y,dd MMM y,dd/MM/y,HH:mm:ss zzzz,HH:mm:ss z,HH:mm:ss,HH:mm,yMMMMEEEEd,yMMMMd,yMMMdd,yMMdd,HHmmsszzzz,HHmmssz,HHmmss,HHmm,Jannar|Frar|Marzu|April|Mejju|Ġunju|Lulju|Awwissu|Settembru|Ottubru|Novembru|Diċembru,Jan|Fra|Mar|Apr|Mej|Ġun|Lul|Aww|Set|Ott|Nov|Diċ,J|F|M|A|M|Ġ|L|A|S|O|N|D,Il-Ħadd|It-Tnejn|It-Tlieta|L-Erbgħa|Il-Ħamis|Il-Ġimgħa|Is-Sibt,Ħad|Tne|Tli|Erb|Ħam|Ġim|Sib,Ħd|T|Tl|Er|Ħm|Ġm|Sb,AM|PM,UTC+01:00,UTC+01:00,+00:00,.,",",3,"#,##0.###",25.5%,"1,234,567.89",latn
Mauritius,Republic of Mauritius,Mauritius,Port Louis,🇲🇺,"[{""code"":""en"",""iso639_2"":""eng"",""iso639_3"":""eng"",""name"":""English"",""nativeName"":""English"",""official"":true,""direction"":""ltr"",""countries"":[]}]",MU,MUS,480,en-MU,1,12h,"EEEE, MMMM d, y","MMMM d, y","MMM d, y",M/d/yy,h:mm:ss a zzzz,h:mm:ss a z,h:mm:ss a,h:mm a,yMMMMEEEEd,yMMMMd,yMMMd,yyMd,ahmmsszzzz,ahmmssz,ahmmss,ahmm,January|February|March|April|May|June|July|August|September|October|November|December,Jan|Feb|Mar|Apr|May|Jun|Jul|Aug|Sep|Oct|Nov|Dec,J|F|M|A|M|J|J|A|S|O|N|D,Sunday|Monday|Tuesday|Wednesday|Thursday|Friday|Saturday,Sun|Mon|Tue|Wed|Thu|Fri|Sat,S|M|T|W|T|F|S,AM|PM,UTC+04:00,UTC+04:00,+00:00,.,",",3,"#,##0.###",25.5%,"1,234,567.89",latn
Maldives,Republic of the Maldives,Dhivehi Raajje/Maldives,Malé,🇲🇻,"[{""code"":""dv"",""iso639_2"":""div"",""iso639_3"":""div"",""name"":""Divehi"",""nativeName"":""ދިވެހި"",""official"":true,""direction"":""ltr"",""countries"":[]}]",MV,MDV,462,dv-MV,5,24h,"y MMMM d, EEEE",y MMMM d,y MMM d,y-MM-dd,HH:mm:ss zzzz,HH:mm:ss z,HH:mm:ss,HH:mm,yMMMMEEEEd,yMMMMd,yMMMd,yMMdd,HHmmsszzzz,HHmmssz,HHmmss,HHmm,M01|M02|M03|M04|M05|M06|M07|M08|M09|M10|M11|M12,M01|M02|M03|M04|M05|M06|M07|M08|M09|M10|M11|M12,1|2|3|4|5|6|7|8|9|10|11|12,Sun|Mon|Tue|Wed|Thu|Fri|Sat,Sun|Mon|Tue|Wed|Thu|Fri|Sat,S|M|T|W|T|F|S,AM|PM,UTC+05:00,UTC+05:00,+00:00,.,",",3,"#,##0.###",25.5%,"1,234,567.89",latn
Malawi,Republic of Malawi,Malawi,Lilongwe,🇲🇼,"[{""code"":""en"",""iso639_2"":""eng"",""iso639_3"":""eng"",""name"":""English"",""nativeName"":""English"",""official"":true,""direction"":""ltr"",""countries"":[]},{""code"":""ny"",""iso639_2"":""nya"",""iso639_3"":""nya"",""name"":""Chichewa"",""nativeName"":""chiCheŵa"",""official"":true,""direction"":""ltr"",""countries"":[]}]",MW,MWI,454,en-MW,1,12h,"EEEE, MMMM d, y","MMMM d, y","MMM d, y",M/d/yy,h:mm:ss a zzzz,h:mm:ss a z,h:mm:ss a,h:mm a,yMMMMEEEEd,yMMMMd,yMMMd,yyMd,ahmmsszzzz,ahmmssz,ahmmss,ahmm,January|February|March|April|May|June|July|August|September|October|November|December,Jan|Feb|Mar|Apr|May|Jun|Jul|Aug|Sep|Oct|Nov|Dec,J|F|M|A|M|J|J|A|S|O|N|D,Sunday|Monday|Tuesday|Wednesday|Thursday|Friday|Saturday,Sun|Mon|Tue|Wed|Thu|Fri|Sat,S|M|T|W|T|F|S,AM|PM,UTC+02:00,UTC+02:00,+00:00,.,",",3,"#,##0.###",25.5%,"1,234,567.89",latn
México,United Mexican States,México,Mexico City,🇲🇽,"[{""code"":""es"",""iso639_2"":""spa"",""iso639_3"":""spa"",""name"":""Spanish"",""nativeName"":""Español"",""official"":true,""direction"":""ltr"",""countries"":[]}]",MX,MEX,484,es-MX,7,24h,"EEEE, d 'de' MMMM 'de' y",d 'de' MMMM 'de' y,d MMM y,d/M/yy,H:mm:ss (zzzz),H:mm:ss z,H:mm:ss,H:mm,yMMMMEEEEd,yMMMMd,yMMMd,yyMd,Hmmsszzzz,Hmmssz,Hmmss,Hmm,enero|febrero|marzo|abril|mayo|junio|julio|agosto|septiembre|octubre|noviembre|diciembre,ene|feb|mar|abr|may|jun|jul|ago|sept|oct|nov|dic,E|F|M|A|M|J|J|A|S|O|N|D,domingo|lunes|martes|miércoles|jueves|viernes|sábado,dom|lun|mar|mié|jue|vie|sáb,D|L|M|X|J|V|S,a. m.|p. m.,UTC-08:00|UTC-07:00|UTC-06:00,UTC-08:00,+00:00,",",.,3,"#,##0.###",25.5%,"1,234,567.89",latn
Malaysia,Malaysia,Malaysia,Kuala Lumpur,🇲🇾,"[{""code"":""ms"",""iso639_2"":""zsm"",""iso639_3"":""msa"",""name"":""Malaysian"",""nativeName"":""بهاس مليسيا"",""official"":true,""direction"":""ltr"",""countries"":[]}]",MY,MYS,458,ms-MY,1,12h,"EEEE, d MMMM y",d MMMM y,d MMM y,d/MM/yy,h:mm:ss a zzzz,h:mm:ss a z,h:mm:ss a,h:mm a,yMMMMEEEEd,yMMMMd,yMMMd,yyMMd,ahmmsszzzz,ahmmssz,ahmmss,ahmm,Januari|Februari|Mac|April|Mei|Jun|Julai|Ogos|September|Oktober|November|Disember,Jan|Feb|Mac|Apr|Mei|Jun|Jul|Ogo|Sep|Okt|Nov|Dis,J|F|M|A|M|J|J|O|S|O|N|D,Ahad|Isnin|Selasa|Rabu|Khamis|Jumaat|Sabtu,Ahd|Isn|Sel|Rab|Kha|Jum|Sab,A|I|S|R|K|J|S,PG|PTG,UTC+08:00,UTC+08:00,+00:00,.,",",3,"#,##0.###",25.5%,"1,234,567.89",latn
Moçambique,Republic of Mozambique,Moçambique,Maputo,🇲🇿,"[{""code"":""pt"",""iso639_2"":""por"",""iso639_3"":""por"",""name"":""Portuguese"",""nativeName"":""Português"",""official"":true,""direction"":""ltr"",""countries"":[]}]",MZ,MOZ,508,pt-MZ,7,24h,"EEEE, d 'de' MMMM 'de' y",d 'de' MMMM 'de' y,d 'de' MMM 'de' y,dd/MM/y,HH:mm:ss zzzz,HH:mm:ss z,HH:mm:ss,HH:mm,yMMMMEEEEd,yMMMMd,yMMMd,yMMdd,HHmmsszzzz,HHmmssz,HHmmss,HHmm,janeiro|fevereiro|março|abril|maio|junho|julho|agosto|setembro|outubro|novembro|dezembro,jan.|fev.|mar.|abr.|mai.|jun.|jul.|ago.|set.|out.|nov.|dez.,J|F|M|A|M|J|J|A|S|O|N|D,domingo|segunda-feira|terça-feira|quarta-feira|quinta-feira|sexta-feira|sábado,dom.|seg.|ter.|qua.|qui.|sex.|sáb.,D|S|T|Q|Q|S|S,AM|PM,UTC+02:00,UTC+02:00,+00:00,",",.,3,"#,##0.###","25,5%","1 234 567,89",latn
Namibia,Republic of Namibia,Namibia,Windhoek,🇳🇦,"[{""code"":""en"",""iso639_2"":""eng"",""iso639_3"":""eng"",""name"":""English"",""nativeName"":""English"",""official"":true,""direction"":""ltr"",""countries"":[]},{""code"":""af"",""iso639_2"":""afr"",""iso639_3"":""afr"",""name"":""Afrikaans"",""nativeName"":""Afrikaans"",""official"":true,""direction"":""ltr"",""countries"":[]}]",NA,NAM,516,en-NA,1,12h,"EEEE, MMMM d, y","MMMM d, y","MMM d, y",M/d/yy,h:mm:ss a zzzz,h:mm:ss a z,h:mm:ss a,h:mm a,yMMMMEEEEd,yMMMMd,yMMMd,yyMd,ahmmsszzzz,ahmmssz,ahmmss,ahmm,January|February|March|April|May|June|July|August|September|October|November|December,Jan|Feb|Mar|Apr|May|Jun|Jul|Aug|Sep|Oct|Nov|Dec,J|F|M|A|M|J|J|A|S|O|N|D,Sunday|Monday|Tuesday|Wednesday|Thursday|Friday|Saturday,Sun|Mon|Tue|Wed|Thu|Fri|Sat,S|M|T|W|T|F|S,AM|PM,UTC+01:00,UTC+01:00,+00:00,.,",",3,"#,##0.###",25.5%,"1,234,567.89",latn
Nouvelle-Calédonie,New Caledonia,Nouvelle-Calédonie,Nouméa,🇳🇨,"[{""code"":""fr"",""iso639_2"":""fra"",""iso639_3"":""fra"",""name"":""French"",""nativeName"":""français"",""official"":true,""direction"":""ltr"",""countries"":[]}]",NC,NCL,540,fr-NC,1,24h,EEEE d MMMM y,d MMMM y,d MMM y,dd/MM/y,HH:mm:ss zzzz,HH:mm:ss z,HH:mm:ss,HH:mm,yMMMMEEEEd,yMMMMd,yMMMd,yMMdd,HHmmsszzzz,HHmmssz,HHmmss,HHmm,janvier|février|mars|avril|mai|juin|juillet|août|septembre|octobre|novembre|décembre,janv.|févr.|mars|avr.|mai|juin|juil.|août|sept.|oct.|nov.|déc.,J|F|M|A|M|J|J|A|S|O|N|D,dimanche|lundi|mardi|mercredi|jeudi|vendredi|samedi,dim.|lun.|mar.|mer.|jeu.|ven.|sam.,D|L|M|M|J|V|S,AM|PM,UTC+11:00,UTC+11:00,+00:00,",", ,3,"#,##0.###","25,5 %","1 234 567,89",latn
Niger,Republic of Niger,Niger,Niamey,🇳🇪,"[{""code"":""fr"",""iso639_2"":""fra"",""iso639_3"":""fra"",""name"":""French"",""nativeName"":""français"",""official"":true,""direction"":""ltr"",""countries"":[]}]",NE,NER,562,fr-NE,1,24h,EEEE d MMMM y,d MMMM y,d MMM y,dd/MM/y,HH:mm:ss zzzz,HH:mm:ss z,HH:mm:ss,HH:mm,yMMMMEEEEd,yMMMMd,yMMMd,yMMdd,HHmmsszzzz,HHmmssz,HHmmss,HHmm,janvier|février|mars|avril|mai|juin|juillet|août|septembre|octobre|novembre|décembre,janv.|févr.|mars|avr.|mai|juin|juil.|août|sept.|oct.|nov.|déc.,J|F|M|A|M|J|J|A|S|O|N|D,dimanche|lundi|mardi|mercredi|jeudi|vendredi|samedi,dim.|lun.|mar.|mer.|jeu.|ven.|sam.,D|L|M|M|J|V|S,AM|PM,UTC+01:00,UTC+01:00,+00:00,",", ,3,"#,##0.###","25,5 %","1 234 567,89",latn
Norfolk Island,Territory of Norfolk Island,Norfolk Island,Kingston,🇳🇫,"[{""code"":""en"",""iso639_2"":""eng"",""iso639_3"":""eng"",""name"":""English"",""nativeName"":""English"",""official"":true,""direction"":""ltr"",""countries"":[]}]",NF,NFK,574,en-NF,1,12h,"EEEE, MMMM d, y","MMMM d, y","MMM d, y",M/d/yy,h:mm:ss a zzzz,h:mm:ss a z,h:mm:ss a,h:mm a,yMMMMEEEEd,yMMMMd,yMMMd,yyMd,ahmmsszzzz,ahmmssz,ahmmss,ahmm,January|February|March|April|May|June|July|August|September|October|November|December,Jan|Feb|Mar|Apr|May|Jun|Jul|Aug|Sep|Oct|Nov|Dec,J|F|M|A|M|J|J|A|S|O|N|D,Sunday|Monday|Tuesday|Wednesday|Thursday|Friday|Saturday,Sun|Mon|Tue|Wed|Thu|Fri|Sat,S|M|T|W|T|F|S,AM|PM,UTC+11:30,UTC+11:30,+00:00,.,",",3,"#,##0.###",25.5%,"1,234,567.89",latn
Nigeria,Federal Republic of Nigeria,Nigeria,Abuja,🇳🇬,"[{""code"":""en"",""iso639_2"":""eng"",""iso639_3"":""eng"",""name"":""English"",""nativeName"":""English"",""official"":true,""direction"":""ltr"",""countries"":[]}]",NG,NGA,566,en-NG,1,12h,"EEEE, MMMM d, y","MMMM d, y","MMM d, y",M/d/yy,h:mm:ss a zzzz,h:mm:ss a z,h:mm:ss a,h:mm a,yMMMMEEEEd,yMMMMd,yMMMd,yyMd,ahmmsszzzz,ahmmssz,ahmmss,ahmm,January|February|March|April|May|June|July|August|September|October|November|December,Jan|Feb|Mar|Apr|May|Jun|Jul|Aug|Sep|Oct|Nov|Dec,J|F|M|A|M|J|J|A|S|O|N|D,Sunday|Monday|Tuesday|Wednesday|Thursday|Friday|Saturday,Sun|Mon|Tue|Wed|Thu|Fri|Sat,S|M|T|W|T|F|S,AM|PM,UTC+01:00,UTC+01:00,+00:00,.,",",3,"#,##0.###",25.5%,"1,234,567.89",latn
Nicaragua,Republic of Nicaragua,Nicaragua,Managua,🇳🇮,"[{""code"":""es"",""iso639_2"":""spa"",""iso639_3"":""spa"",""name"":""Spanish"",""nativeName"":""Español"",""official"":true,""direction"":""ltr"",""countries"":[]}]",NI,NIC,558,es-NI,7,24h,"EEEE, d 'de' MMMM 'de' y",d 'de' MMMM 'de' y,d MMM y,d/M/yy,H:mm:ss (zzzz),H:mm:ss z,H:mm:ss,H:mm,yMMMMEEEEd,yMMMMd,yMMMd,yyMd,Hmmsszzzz,Hmmssz,Hmmss,Hmm,enero|febrero|marzo|abril|mayo|junio|julio|agosto|septiembre|octubre|noviembre|diciembre,ene|feb|mar|abr|may|jun|jul|ago|sept|oct|nov|dic,E|F|M|A|M|J|J|A|S|O|N|D,domingo|lunes|martes|miércoles|jueves|viernes|sábado,dom|lun|mar|mié|jue|vie|sáb,D|L|M|X|J|V|S,a. m.|p. m.,UTC-06:00,UTC-06:00,+00:00,",",.,3,"#,##0.###",25.5%,"1,234,567.89",latn
Nederland,Kingdom of the Netherlands,Nederland,Amsterdam,🇳🇱,"[{""code"":""nl"",""iso639_2"":""nld"",""iso639_3"":""nld"",""name"":""Dutch"",""nativeName"":""Nederlands"",""official"":true,""direction"":""ltr"",""countries"":[]}]",NL,NLD,528,nl-NL,1,24h,EEEE d MMMM y,d MMMM y,d MMM y,dd-MM-y,HH:mm:ss zzzz,HH:mm:ss z,HH:mm:ss,HH:mm,yMMMMEEEEd,yMMMMd,yMMMd,yMMdd,HHmmsszzzz,HHmmssz,HHmmss,HHmm,januari|februari|maart|april|mei|juni|juli|augustus|september|oktober|november|december,jan|feb|mrt|apr|mei|jun|jul|aug|sep|okt|nov|dec,J|F|M|A|M|J|J|A|S|O|N|D,zondag|maandag|dinsdag|woensdag|donderdag|vrijdag|zaterdag,zo|ma|di|wo|do|vr|za,Z|M|D|W|D|V|Z,a.m.|p.m.,UTC-04:00|UTC+01:00,UTC-04:00,+00:00,",",.,3,"#,##0.###","25,5%","1.234.567,89",latn
Norge,Kingdom of Norway,Norge,Oslo,🇳🇴,"[{""code"":""no"",""iso639_2"":""nor"",""iso639_3"":""nor"",""name"":""Norwegian"",""nativeName"":""Norsk"",""official"":true,""direction"":""ltr"",""countries"":[]},{""code"":""nb"",""iso639_2"":""nob"",""iso639_3"":""nob"",""name"":""Norwegian Bokmål"",""nativeName"":""Norsk bokmål"",""official"":true,""direction"":""ltr"",""countries"":[]},{""code"":""nn"",""iso639_2"":""nno"",""iso639_3"":""nno"",""name"":""Norwegian Nynorsk"",""nativeName"":""Norsk nynorsk"",""official"":true,""direction"":""ltr"",""countries"":[]}]",NO,NOR,578,no-NO,1,24h,EEEE d. MMMM y,d. MMMM y,d. MMM y,dd.MM.y,HH:mm:ss zzzz,HH:mm:ss z,HH:mm:ss,HH:mm,yMMMMEEEEd,yMMMMd,yMMMd,yMMdd,HHmmsszzzz,HHmmssz,HHmmss,HHmm,januar|februar|mars|april|mai|juni|juli|august|september|oktober|november|desember,jan.|feb.|mars|apr.|mai|juni|juli|aug.|sep.|okt.|nov.|des.,J|F|M|A|M|J|J|A|S|O|N|D,søndag|mandag|tirsdag|onsdag|torsdag|fredag|lørdag,søn.|man.|tir.|ons.|tor.|fre.|lør.,S|M|T|O|T|F|L,a.m.|p.m.,UTC+01:00,UTC+01:00,+00:00,",", ,3,"#,##0.###","25,5 %","1 234 567,89",latn
नेपाल,Federal Democratic Republic of Nepal,नेपाल,Kathmandu,🇳🇵,"[{""code"":""ne"",""iso639_2"":""nep"",""iso639_3"":""nep"",""name"":""Nepali"",""nativeName"":""नेपाली"",""official"":true,""direction"":""ltr"",""countries"":[]}]",NP,NPL,524,ne-NP,7,24h,"y MMMM d, EEEE",y MMMM d,y MMM d,yy/M/d,HH:mm:ss zzzz,HH:mm:ss z,HH:mm:ss,HH:mm,yMMMMEEEEd,yMMMMd,yMMMd,yyMd,HHmmsszzzz,HHmmssz,HHmmss,HHmm,जनवरी|फेब्रुअरी|मार्च|अप्रिल|मे|जुन|जुलाई|अगस्ट|सेप्टेम्बर|अक्टोबर|नोभेम्बर|डिसेम्बर,जनवरी|फेब्रुअरी|मार्च|अप्रिल|मे|जुन|जुलाई|अगस्ट|सेप्टेम्बर|अक्टोबर|नोभेम्बर|डिसेम्बर,जन|फेब|मार्च|अप्र|मे|जुन|जुल|अग|सेप|अक्टो|नोभे|डिसे,आइतबार|सोमबार|मङ्गलबार|बुधबार|बिहिबार|शुक्रबार|शनिबार,आइत|सोम|मङ्गल|बुध|बिहि|शुक्र|शनि,आ|सो|म|बु|बि|शु|श,पूर्वाह्न|अपराह्न,UTC+05:45,UTC+05:45,+00:00,.,",",3,"#,##,##0.###",२५.५%,"१२,३४,५६७.८९",deva
Nauru,Republic of Nauru,Nauru,Yaren,🇳🇷,"[{""code"":""en"",""iso639_2"":""eng"",""iso639_3"":""eng"",""name"":""English"",""nativeName"":""English"",""official"":true,""direction"":""ltr"",""countries"":[]},{""code"":""na"",""iso639_2"":""nau"",""iso639_3"":""nau"",""name"":""Nauruan"",""nativeName"":""Dorerin Naoero"",""official"":true,""direction"":""ltr"",""countries"":[]}]",NR,NRU,520,en-NR,1,12h,"EEEE, MMMM d, y","MMMM d, y","MMM d, y",M/d/yy,h:mm:ss a zzzz,h:mm:ss a z,h:mm:ss a,h:mm a,yMMMMEEEEd,yMMMMd,yMMMd,yyMd,ahmmsszzzz,ahmmssz,ahmmss,ahmm,January|February|March|April|May|June|July|August|September|October|November|December,Jan|Feb|Mar|Apr|May|Jun|Jul|Aug|Sep|Oct|Nov|Dec,J|F|M|A|M|J|J|A|S|O|N|D,Sunday|Monday|Tuesday|Wednesday|Thursday|Friday|Saturday,Sun|Mon|Tue|Wed|Thu|Fri|Sat,S|M|T|W|T|F|S,AM|PM,UTC+12:00,UTC+12:00,+00:00,.,",",3,"#,##0.###",25.5%,"1,234,567.89",latn
Niue,Niue,Niue,Alofi,🇳🇺,"[{""code"":""en"",""iso639_2"":""eng"",""iso639_3"":""eng"",""name"":""English"",""nativeName"":""English"",""official"":true,""direction"":""ltr"",""countries"":[]}]",NU,NIU,570,en-NU,1,12h,"EEEE, MMMM d, y","MMMM d, y","MMM d, y",M/d/yy,h:mm:ss a zzzz,h:mm:ss a z,h:mm:ss a,h:mm a,yMMMMEEEEd,yMMMMd,yMMMd,yyMd,ahmmsszzzz,ahmmssz,ahmmss,ahmm,January|February|March|April|May|June|July|August|September|October|November|December,Jan|Feb|Mar|Apr|May|Jun|Jul|Aug|Sep|Oct|Nov|Dec,J|F|M|A|M|J|J|A|S|O|N|D,Sunday|Monday|Tuesday|Wednesday|Thursday|Friday|Saturday,Sun|Mon|Tue|Wed|Thu|Fri|Sat,S|M|T|W|T|F|S,AM|PM,UTC-11:00,UTC-11:00,+00:00,.,",",3,"#,##0.###",25.5%,"1,234,567.89",latn
New Zealand,New Zealand,New Zealand,Wellington,🇳🇿,"[{""code"":""en"",""iso639_2"":""eng"",""iso639_3"":""eng"",""name"":""English"",""nativeName"":""English"",""official"":true,""direction"":""ltr"",""countries"":[]},{""code"":""mi"",""iso639_2"":""mri"",""iso639_3"":""mri"",""name"":""Māori"",""nativeName"":""te reo Māori"",""official"":true,""direction"":""ltr"",""countries"":[]}]",NZ,NZL,554,en-NZ,1,12h,"EEEE, MMMM d, y","MMMM d, y","MMM d, y",M/d/yy,h:mm:ss a zzzz,h:mm:ss a z,h:mm:ss a,h:mm a,yMMMMEEEEd,yMMMMd,yMMMd,yyMd,ahmmsszzzz,ahmmssz,ahmmss,ahmm,January|February|March|April|May|June|July|August|September|October|November|December,Jan|Feb|Mar|Apr|May|Jun|Jul|Aug|Sep|Oct|Nov|Dec,J|F|M|A|M|J|J|A|S|O|N|D,Sunday|Monday|Tuesday|Wednesday|Thursday|Friday|Saturday,Sun|Mon|Tue|Wed|Thu|Fri|Sat,S|M|T|W|T|F|S,AM|PM,UTC-11:00|UTC-10:00|UTC+12:00|UTC+12:45|UTC+13:00,UTC-11:00,+00:00,.,",",3,"#,##0.###",25.5%,"1,234,567.89",latn
عُمان,Sultanate of Oman,عُمان,Muscat,🇴🇲,"[{""code"":""ar"",""iso639_2"":""ara"",""iso639_3"":""ara"",""name"":""Arabic"",""nativeName"":""العربية"",""official"":true,""direction"":""ltr"",""countries"":[]}]",OM,OMN,512,ar-OM,6,12h,EEEE، d MMMM y,d MMMM y,dd‏/MM‏/y,d‏/M‏/y,h:mm:ss a zzzz,h:mm:ss a z,h:mm:ss a,h:mm a,yMMMMEEEEd,yMMMMd,yMMdd,yMd,ahmmsszzzz,ahmmssz,ahmmss,ahmm,يناير|فبراير|مارس|أبريل|مايو|يونيو|يوليو|أغسطس|سبتمبر|أكتوبر|نوفمبر|ديسمبر,يناير|فبراير|مارس|أبريل|مايو|يونيو|يوليو|أغسطس|سبتمبر|أكتوبر|نوفمبر|ديسمبر,ي|ف|م|أ|و|ن|ل|غ|س|ك|ب|د,الأحد|الاثنين|الثلاثاء|الأربعاء|الخميس|الجمعة|السبت,الأحد|الاثنين|الثلاثاء|الأربعاء|الخميس|الجمعة|السبت,ح|ن|ث|ر|خ|ج|س,ص|م,UTC+04:00,UTC+04:00,+00:00,.,",",3,"#,##0.###",٢٥٫٥٪؜,١٬٢٣٤٬٥٦٧٫٨٩,latn
Panamá,Republic of Panama,Panamá,Panama City,🇵🇦,"[{""code"":""es"",""iso639_2"":""spa"",""iso639_3"":""spa"",""name"":""Spanish"",""nativeName"":""Español"",""official"":true,""direction"":""ltr"",""countries"":[]}]",PA,PAN,591,es-PA,7,24h,"EEEE, d 'de' MMMM 'de' y",d 'de' MMMM 'de' y,d MMM y,d/M/yy,H:mm:ss (zzzz),H:mm:ss z,H:mm:ss,H:mm,yMMMMEEEEd,yMMMMd,yMMMd,yyMd,Hmmsszzzz,Hmmssz,Hmmss,Hmm,enero|febrero|marzo|abril|mayo|junio|julio|agosto|septiembre|octubre|noviembre|diciembre,ene|feb|mar|abr|may|jun|jul|ago|sept|oct|nov|dic,E|F|M|A|M|J|J|A|S|O|N|D,domingo|lunes|martes|miércoles|jueves|viernes|sábado,dom|lun|mar|mié|jue|vie|sáb,D|L|M|X|J|V|S,a. m.|p. m.,UTC-05:00,UTC-05:00,+00:00,",",.,3,"#,##0.###",25.5%,"1,234,567.89",latn
Perú,Republic of Peru,Perú,Lima,🇵🇪,"[{""code"":""es"",""iso639_2"":""spa"",""iso639_3"":""spa"",""name"":""Spanish"",""nativeName"":""Español"",""official"":true,""direction"":""ltr"",""countries"":[]}]",PE,PER,604,es-PE,7,24h,"EEEE, d 'de' MMMM 'de' y",d 'de' MMMM 'de' y,d MMM y,d/M/yy,H:mm:ss (zzzz),H:mm:ss z,H:mm:ss,H:mm,yMMMMEEEEd,yMMMMd,yMMMd,yyMd,Hmmsszzzz,Hmmssz,Hmmss,Hmm,enero|febrero|marzo|abril|mayo|junio|julio|agosto|septiembre|octubre|noviembre|diciembre,ene|feb|mar|abr|may|jun|jul|ago|sept|oct|nov|dic,E|F|M|A|M|J|J|A|S|O|N|D,domingo|lunes|martes|miércoles|jueves|viernes|sábado,dom|lun|mar|mié|jue|vie|sáb,D|L|M|X|J|V|S,a. m.|p. m.,UTC-05:00,UTC-05:00,+00:00,",",.,3,"#,##0.###",25.5%,"1,234,567.89",latn
Polynésie française,French Polynesia,Polynésie française,Papeetē,🇵🇫,"[{""code"":""fr"",""iso639_2"":""fra"",""iso639_3"":""fra"",""name"":""French"",""nativeName"":""français"",""official"":true,""direction"":""ltr"",""countries"":[]}]",PF,PYF,258,fr-PF,1,24h,EEEE d MMMM y,d MMMM y,d MMM y,dd/MM/y,HH:mm:ss zzzz,HH:mm:ss z,HH:mm:ss,HH:mm,yMMMMEEEEd,yMMMMd,yMMMd,yMMdd,HHmmsszzzz,HHmmssz,HHmmss,HHmm,janvier|février|mars|avril|mai|juin|juillet|août|septembre|octobre|novembre|décembre,janv.|févr.|mars|avr.|mai|juin|juil.|août|sept.|oct.|nov.|déc.,J|F|M|A|M|J|J|A|S|O|N|D,dimanche|lundi|mardi|mercredi|jeudi|vendredi|samedi,dim.|lun.|mar.|mer.|jeu.|ven.|sam.,D|L|M|M|J|V|S,AM|PM,UTC-10:00|UTC-09:30|UTC-09:00,UTC-10:00,+00:00,",", ,3,"#,##0.###","25,5 %","1 234 567,89",latn
Papua New Guinea,Independent State of Papua New Guinea,Papua New Guinea,Port Moresby,🇵🇬,"[{""code"":""en"",""iso639_2"":""eng"",""iso639_3"":""eng"",""name"":""English"",""nativeName"":""English"",""official"":true,""direction"":""ltr"",""countries"":[]}]",PG,PNG,598,en-PG,1,12h,"EEEE, MMMM d, y","MMMM d, y","MMM d, y",M/d/yy,h:mm:ss a zzzz,h:mm:ss a z,h:mm:ss a,h:mm a,yMMMMEEEEd,yMMMMd,yMMMd,yyMd,ahmmsszzzz,ahmmssz,ahmmss,ahmm,January|February|March|April|May|June|July|August|September|October|November|December,Jan|Feb|Mar|Apr|May|Jun|Jul|Aug|Sep|Oct|Nov|Dec,J|F|M|A|M|J|J|A|S|O|N|D,Sunday|Monday|Tuesday|Wednesday|Thursday|Friday|Saturday,Sun|Mon|Tue|Wed|Thu|Fri|Sat,S|M|T|W|T|F|S,AM|PM,UTC+10:00,UTC+10:00,+00:00,.,",",3,"#,##0.###",25.5%,"1,234,567.89",latn
Philippines,Republic of the Philippines,Philippines,Manila,🇵🇭,"[{""code"":""en"",""iso639_2"":""eng"",""iso639_3"":""eng"",""name"":""English"",""nativeName"":""English"",""official"":true,""direction"":""ltr"",""countries"":[]}]",PH,PHL,608,en-PH,7,12h,"EEEE, MMMM d, y","MMMM d, y","MMM d, y",M/d/yy,h:mm:ss a zzzz,h:mm:ss a z,h:mm:ss a,h:mm a,yMMMMEEEEd,yMMMMd,yMMMd,yyMd,ahmmsszzzz,ahmmssz,ahmmss,ahmm,January|February|March|April|May|June|July|August|September|October|November|December,Jan|Feb|Mar|Apr|May|Jun|Jul|Aug|Sep|Oct|Nov|Dec,J|F|M|A|M|J|J|A|S|O|N|D,Sunday|Monday|Tuesday|Wednesday|Thursday|Friday|Saturday,Sun|Mon|Tue|Wed|Thu|Fri|Sat,S|M|T|W|T|F|S,AM|PM,UTC+08:00,UTC+08:00,+00:00,.,",",3,"#,##0.###",25.5%,"1,234,567.89",latn
پاکستان,Islamic Republic of Pakistan,پاکستان,Islamabad,🇵🇰,"[{""code"":""ur"",""iso639_2"":""urd"",""iso639_3"":""urd"",""name"":""Urdu"",""nativeName"":""اردو"",""official"":true,""direction"":""ltr"",""countries"":[]},{""code"":""en"",""iso639_2"":""eng"",""iso639_3"":""eng"",""name"":""English"",""nativeName"":""English"",""official"":true,""direction"":""ltr"",""countries"":[]}]",PK,PAK,586,ur-PK,7,12h,EEEE، d MMMM، y,d MMMM، y,d MMM، y,d/M/yy,h:mm:ss a zzzz,h:mm:ss a z,h:mm:ss a,h:mm a,yMMMMEEEEd,yMMMMd,yMMMd,yyMd,ahmmsszzzz,ahmmssz,ahmmss,ahmm,جنوری|فروری|مارچ|اپریل|مئی|جون|جولائی|اگست|ستمبر|اکتوبر|نومبر|دسمبر,جنوری|فروری|مارچ|اپریل|مئی|جون|جولائی|اگست|ستمبر|اکتوبر|نومبر|دسمبر,J|F|M|A|M|J|J|A|S|O|N|D,اتوار|پیر|منگل|بدھ|جمعرات|جمعہ|ہفتہ,اتوار|پیر|منگل|بدھ|جمعرات|جمعہ|ہفتہ,S|M|T|W|T|F|S,AM|PM,UTC+05:00,UTC+05:00,+00:00,.,",",3,"#,##0.###",25.5%,"1,234,567.89",latn
Polska,Republic of Poland,Polska,Warsaw,🇵🇱,"[{""code"":""pl"",""iso639_2"":""pol"",""iso639_3"":""pol"",""name"":""Polish"",""nativeName"":""polski"",""official"":true,""direction"":""ltr"",""countries"":[]}]",PL,POL,616,pl-PL,1,24h,"EEEE, d MMMM y",d MMMM y,d MMM y,d.MM.y,HH:mm:ss zzzz,HH:mm:ss z,HH:mm:ss,HH:mm,yMMMMEEEEd,yMMMMd,yMMMd,yMMdd,HHmmsszzzz,HHmmssz,HHmmss,HHmm,stycznia|lutego|marca|kwietnia|maja|czerwca|lipca|sierpnia|września|października|listopada|grudnia,sty|lut|mar|kwi|maj|cze|lip|sie|wrz|paź|lis|gru,s|l|m|k|m|c|l|s|w|p|l|g,niedziela|poniedziałek|wtorek|środa|czwartek|piątek|sobota,niedz.|pon.|wt.|śr.|czw.|pt.|sob.,n|p|w|ś|c|p|s,AM|PM,UTC+01:00,UTC+01:00,+00:00,",", ,3,"#,##0.###","25,5%","1 234 567,89",latn
Saint-Pierre-et-Miquelon,Saint Pierre and Miquelon,Saint-Pierre-et-Miquelon,Saint-Pierre,🇵🇲,"[{""code"":""fr"",""iso639_2"":""fra"",""iso639_3"":""fra"",""name"":""French"",""nativeName"":""français"",""official"":true,""direction"":""ltr"",""countries"":[]}]",PM,SPM,666,fr-PM,1,24h,EEEE d MMMM y,d MMMM y,d MMM y,dd/MM/y,HH:mm:ss zzzz,HH:mm:ss z,HH:mm:ss,HH:mm,yMMMMEEEEd,yMMMMd,yMMMd,yMMdd,HHmmsszzzz,HHmmssz,HHmmss,HHmm,janvier|février|mars|avril|mai|juin|juillet|août|septembre|octobre|novembre|décembre,janv.|févr.|mars|avr.|mai|juin|juil.|août|sept.|oct.|nov.|déc.,J|F|M|A|M|J|J|A|S|O|N|D,dimanche|lundi|mardi|mercredi|jeudi|vendredi|samedi,dim.|lun.|mar.|mer.|jeu.|ven.|sam.,D|L|M|M|J|V|S,AM|PM,UTC-03:00,UTC-03:00,+00:00,",", ,3,"#,##0.###","25,5 %","1 234 567,89",latn
Pitcairn Islands,Pitcairn Group of Islands,Pitcairn Islands,Adamstown,🇵🇳,"[{""code"":""en"",""iso639_2"":""eng"",""iso639_3"":""eng"",""name"":""English"",""nativeName"":""English"",""official"":true,""direction"":""ltr"",""countries"":[]}]",PN,PCN,612,en-PN,1,12h,"EEEE, MMMM d, y","MMMM d, y","MMM d, y",M/d/yy,h:mm:ss a zzzz,h:mm:ss a z,h:mm:ss a,h:mm a,yMMMMEEEEd,yMMMMd,yMMMd,yyMd,ahmmsszzzz,ahmmssz,ahmmss,ahmm,January|February|March|April|May|June|July|August|September|October|November|December,Jan|Feb|Mar|Apr|May|Jun|Jul|Aug|Sep|Oct|Nov|Dec,J|F|M|A|M|J|J|A|S|O|N|D,Sunday|Monday|Tuesday|Wednesday|Thursday|Friday|Saturday,Sun|Mon|Tue|Wed|Thu|Fri|Sat,S|M|T|W|T|F|S,AM|PM,UTC-08:00,UTC-08:00,+00:00,.,",",3,"#,##0.###",25.5%,"1,234,567.89",latn
Puerto Rico,Commonwealth of Puerto Rico,Puerto Rico,San Juan,🇵🇷,"[{""code"":""es"",""iso639_2"":""spa"",""iso639_3"":""spa"",""name"":""Spanish"",""nativeName"":""Español"",""official"":true,""direction"":""ltr"",""countries"":[]},{""code"":""en"",""iso639_2"":""eng"",""iso639_3"":""eng"",""name"":""English"",""nativeName"":""English"",""official"":true,""direction"":""ltr"",""countries"":[]}]",PR,PRI,630,es-PR,7,24h,"EEEE, d 'de' MMMM 'de' y",d 'de' MMMM 'de' y,d MMM y,d/M/yy,H:mm:ss (zzzz),H:mm:ss z,H:mm:ss,H:mm,yMMMMEEEEd,yMMMMd,yMMMd,yyMd,Hmmsszzzz,Hmmssz,Hmmss,Hmm,enero|febrero|marzo|abril|mayo|junio|julio|agosto|septiembre|octubre|noviembre|diciembre,ene|feb|mar|abr|may|jun|jul|ago|sept|oct|nov|dic,E|F|M|A|M|J|J|A|S|O|N|D,domingo|lunes|martes|miércoles|jueves|viernes|sábado,dom|lun|mar|mié|jue|vie|sáb,D|L|M|X|J|V|S,a. m.|p. m.,UTC-04:00,UTC-04:00,+00:00,",",.,3,"#,##0.###",25.5%,"1,234,567.89",latn
الأراضي الفلسطينية,State of Palestine,الأراضي الفلسطينية,Ramallah,🇵🇸,"[{""code"":""ar"",""iso639_2"":""ara"",""iso639_3"":""ara"",""name"":""Arabic"",""nativeName"":""العربية"",""official"":true,""direction"":""ltr"",""countries"":[]}]",PS,PSE,275,ar-PS,1,12h,EEEE، d MMMM y,d MMMM y,dd‏/MM‏/y,d‏/M‏/y,h:mm:ss a zzzz,h:mm:ss a z,h:mm:ss a,h:mm a,yMMMMEEEEd,yMMMMd,yMMdd,yMd,ahmmsszzzz,ahmmssz,ahmmss,ahmm,يناير|فبراير|مارس|أبريل|مايو|يونيو|يوليو|أغسطس|سبتمبر|أكتوبر|نوفمبر|ديسمبر,يناير|فبراير|مارس|أبريل|مايو|يونيو|يوليو|أغسطس|سبتمبر|أكتوبر|نوفمبر|ديسمبر,ي|ف|م|أ|و|ن|ل|غ|س|ك|ب|د,الأحد|الاثنين|الثلاثاء|الأربعاء|الخميس|الجمعة|السبت,الأحد|الاثنين|الثلاثاء|الأربعاء|الخميس|الجمعة|السبت,ح|ن|ث|ر|خ|ج|س,ص|م,UTC+02:00,UTC+02:00,+00:00,.,",",3,"#,##0.###",٢٥٫٥٪؜,١٬٢٣٤٬٥٦٧٫٨٩,latn
Portugal,Portuguese Republic,Portugal,Lisbon,🇵🇹,"[{""code"":""pt"",""iso639_2"":""por"",""iso639_3"":""por"",""name"":""Portuguese"",""nativeName"":""Português"",""official"":true,""direction"":""ltr"",""countries"":[]}]",PT,PRT,620,pt-PT,7,24h,"EEEE, d 'de' MMMM 'de' y",d 'de' MMMM 'de' y,d 'de' MMM 'de' y,dd/MM/y,HH:mm:ss zzzz,HH:mm:ss z,HH:mm:ss,HH:mm,yMMMMEEEEd,yMMMMd,yMMMd,yMMdd,HHmmsszzzz,HHmmssz,HHmmss,HHmm,janeiro|fevereiro|março|abril|maio|junho|julho|agosto|setembro|outubro|novembro|dezembro,jan.|fev.|mar.|abr.|mai.|jun.|jul.|ago.|set.|out.|nov.|dez.,J|F|M|A|M|J|J|A|S|O|N|D,domingo|segunda-feira|terça-feira|quarta-feira|quinta-feira|sexta-feira|sábado,dom.|seg.|ter.|qua.|qui.|sex.|sáb.,D|S|T|Q|Q|S|S,AM|PM,UTC-01:00|UTC,UTC-01:00,+00:00,",",.,3,"#,##0.###","25,5%","1 234 567,89",latn
Palau,Republic of Palau,Palau,Ngerulmud,🇵🇼,"[{""code"":""en"",""iso639_2"":""eng"",""iso639_3"":""eng"",""name"":""English"",""nativeName"":""English"",""official"":true,""direction"":""ltr"",""countries"":[]}]",PW,PLW,585,en-PW,1,12h,"EEEE, MMMM d, y","MMMM d, y","MMM d, y",M/d/yy,h:mm:ss a zzzz,h:mm:ss a z,h:mm:ss a,h:mm a,yMMMMEEEEd,yMMMMd,yMMMd,yyMd,ahmmsszzzz,ahmmssz,ahmmss,ahmm,January|February|March|April|May|June|July|August|September|October|November|December,Jan|Feb|Mar|Apr|May|Jun|Jul|Aug|Sep|Oct|Nov|Dec,J|F|M|A|M|J|J|A|S|O|N|D,Sunday|Monday|Tuesday|Wednesday|Thursday|Friday|Saturday,Sun|Mon|Tue|Wed|Thu|Fri|Sat,S|M|T|W|T|F|S,AM|PM,UTC+09:00,UTC+09:00,+00:00,.,",",3,"#,##0.###",25.5%,"1,234,567.89",latn
Paraguay,Republic of Paraguay,Paraguay,Asunción,🇵🇾,"[{""code"":""es"",""iso639_2"":""spa"",""iso639_3"":""spa"",""name"":""Spanish"",""nativeName"":""Español"",""official"":true,""direction"":""ltr"",""countries"":[]},{""code"":""gn"",""iso639_2"":""grn"",""iso639_3"":""grn"",""name"":""Guaraní"",""nativeName"":""Avañe'ẽ"",""official"":true,""direction"":""ltr"",""countries"":[]}]",PY,PRY,600,es-PY,7,24h,"EEEE, d 'de' MMMM 'de' y",d 'de' MMMM 'de' y,d MMM y,d/M/yy,H:mm:ss (zzzz),H:mm:ss z,H:mm:ss,H:mm,yMMMMEEEEd,yMMMMd,yMMMd,yyMd,Hmmsszzzz,Hmmssz,Hmmss,Hmm,enero|febrero|marzo|abril|mayo|junio|julio|agosto|septiembre|octubre|noviembre|diciembre,ene|feb|mar|abr|may|jun|jul|ago|sept|oct|nov|dic,E|F|M|A|M|J|J|A|S|O|N|D,domingo|lunes|martes|miércoles|jueves|viernes|sábado,dom|lun|mar|mié|jue|vie|sáb,D|L|M|X|J|V|S,a. m.|p. m.,UTC-04:00,UTC-04:00,+00:00,",",.,3,"#,##0.###","25,5%","1.234.567,89",latn
قطر,State of Qatar,قطر,Doha,🇶🇦,"[{""code"":""ar"",""iso639_2"":""ara"",""iso639_3"":""ara"",""name"":""Arabic"",""nativeName"":""العربية"",""official"":true,""direction"":""ltr"",""countries"":[]}]",QA,QAT,634,ar-QA,6,12h,EEEE، d MMMM y,d MMMM y,dd‏/MM‏/y,d‏/M‏/y,h:mm:ss a zzzz,h:mm:ss a z,h:mm:ss a,h:mm a,yMMMMEEEEd,yMMMMd,yMMdd,yMd,ahmmsszzzz,ahmmssz,ahmmss,ahmm,يناير|فبراير|مارس|أبريل|مايو|يونيو|يوليو|أغسطس|سبتمبر|أكتوبر|نوفمبر|ديسمبر,يناير|فبراير|مارس|أبريل|مايو|يونيو|يوليو|أغسطس|سبتمبر|أكتوبر|نوفمبر|ديسمبر,ي|ف|م|أ|و|ن|ل|غ|س|ك|ب|د,الأحد|الاثنين|الثلاثاء|الأربعاء|الخميس|الجمعة|السبت,الأحد|الاثنين|الثلاثاء|الأربعاء|الخميس|الجمعة|السبت,ح|ن|ث|ر|خ|ج|س,ص|م,UTC+03:00,UTC+03:00,+00:00,.,",",3,"#,##0.###",٢٥٫٥٪؜,١٬٢٣٤٬٥٦٧٫٨٩,latn
La Réunion,Réunion Island,La Réunion,Saint-Denis,🇷🇪,"[{""code"":""fr"",""iso639_2"":""fra"",""iso639_3"":""fra"",""name"":""French"",""nativeName"":""français"",""official"":true,""direction"":""ltr"",""countries"":[]}]",RE,REU,638,fr-RE,1,24h,EEEE d MMMM y,d MMMM y,d MMM y,dd/MM/y,HH:mm:ss zzzz,HH:mm:ss z,HH:mm:ss,HH:mm,yMMMMEEEEd,yMMMMd,yMMMd,yMMdd,HHmmsszzzz,HHmmssz,HHmmss,HHmm,janvier|février|mars|avril|mai|juin|juillet|août|septembre|octobre|novembre|décembre,janv.|févr.|mars|avr.|mai|juin|juil.|août|sept.|oct.|nov.|déc.,J|F|M|A|M|J|J|A|S|O|N|D,dimanche|lundi|mardi|mercredi|jeudi|vendredi|samedi,dim.|lun.|mar.|mer.|jeu.|ven.|sam.,D|L|M|M|J|V|S,AM|PM,UTC+04:00,UTC+04:00,+00:00,",", ,3,"#,##0.###","25,5 %","1 234 567,89",latn
România,Romania,România,Bucharest,🇷🇴,"[{""code"":""ro"",""iso639_2"":""ron"",""iso639_3"":""ron"",""name"":""Romanian"",""nativeName"":""Română"",""official"":true,""direction"":""ltr"",""countries"":[]}]",RO,ROU,642,ro-RO,1,24h,"EEEE, d MMMM y",d MMMM y,d MMM y,dd.MM.y,HH:mm:ss zzzz,HH:mm:ss z,HH:mm:ss,HH:mm,yMMMMEEEEd,yMMMMd,yMMMd,yMMdd,HHmmsszzzz,HHmmssz,HHmmss,HHmm,ianuarie|februarie|martie|aprilie|mai|iunie|iulie|august|septembrie|octombrie|noiembrie|decembrie,ian.|feb.|mar.|apr.|mai|iun.|iul.|aug.|sept.|oct.|nov.|dec.,I|F|M|A|M|I|I|A|S|O|N|D,duminică|luni|marți|miercuri|joi|vineri|sâmbătă,dum.|lun.|mar.|mie.|joi|vin.|sâm.,D|L|M|M|J|V|S,a.m.|p.m.,UTC+02:00,UTC+02:00,+00:00,",",.,3,"#,##0.###","25,5 %","1.234.567,89",latn
Србија,Republic of Serbia,Србија,Belgrade,🇷🇸,"[{""code"":""sr"",""iso639_2"":""srp"",""iso639_3"":""srp"",""name"":""Serbian"",""nativeName"":""српски језик"",""official"":true,""direction"":""ltr"",""countries"":[]}]",RS,SRB,688,sr-RS,1,24h,"EEEE, d. MMMM y.",d. MMMM y.,d. M. y.,d. M. y.,HH:mm:ss zzzz,HH:mm:ss z,HH:mm:ss,HH:mm,yMMMMEEEEdd,yMMMMdd,yMMdd,yyMd,HHmmsszzzz,HHmmssz,HHmmss,HHmm,јануар|фебруар|март|април|мај|јун|јул|август|септембар|октобар|новембар|децембар,јан|феб|мар|апр|мај|јун|јул|авг|сеп|окт|нов|дец,ј|ф|м|а|м|ј|ј|а|с|о|н|д,недеља|понедељак|уторак|среда|четвртак|петак|субота,нед|пон|уто|сре|чет|пет|суб,н|п|у|с|ч|п|с,AM|PM,UTC+01:00,UTC+01:00,+00:00,",",.,3,"#,##0.###","25,5%","1.234.567,89",latn
Россия,Russian Federation,Россия,Moscow,🇷🇺,"[{""code"":""ru"",""iso639_2"":""rus"",""iso639_3"":""rus"",""name"":""Russian"",""nativeName"":""Русский"",""official"":true,""direction"":""ltr"",""countries"":[]}]",RU,RUS,643,ru-RU,1,24h,"EEEE, d MMMM y 'г'.",d MMMM y 'г'.,d MMM y 'г'.,dd.MM.y,HH:mm:ss zzzz,HH:mm:ss z,HH:mm:ss,HH:mm,yMMMMEEEEd,yMMMMd,yMMMd,yMMdd,HHmmsszzzz,HHmmssz,HHmmss,HHmm,января|февраля|марта|апреля|мая|июня|июля|августа|сентября|октября|ноября|декабря,янв.|февр.|мар.|апр.|мая|июн.|июл.|авг.|сент.|окт.|нояб.|дек.,Я|Ф|М|А|М|И|И|А|С|О|Н|Д,воскресенье|понедельник|вторник|среда|четверг|пятница|суббота,вс|пн|вт|ср|чт|пт|сб,В|П|В|С|Ч|П|С,AM|PM,UTC+03:00|UTC+04:00|UTC+06:00|UTC+07:00|UTC+08:00|UTC+09:00|UTC+10:00|UTC+11:00|UTC+12:00,UTC+03:00,+00:00,",", ,3,"#,##0.###","25,5 %","1 234 567,89",latn
U Rwanda,Republic of Rwanda,U Rwanda,Kigali,🇷🇼,"[{""code"":""rw"",""iso639_2"":""kin"",""iso639_3"":""kin"",""name"":""Kinyarwanda"",""nativeName"":""Ikinyarwanda"",""official"":true,""direction"":""ltr"",""countries"":[]},{""code"":""en"",""iso639_2"":""eng"",""iso639_3"":""eng"",""name"":""English"",""nativeName"":""English"",""official"":true,""direction"":""ltr"",""countries"":[]},{""code"":""fr"",""iso639_2"":""fra"",""iso639_3"":""fra"",""name"":""French"",""nativeName"":""français"",""official"":true,""direction"":""ltr"",""countries"":[]}]",RW,RWA,646,rw-RW,1,24h,"y MMMM d, EEEE",y MMMM d,y MMM d,y-MM-dd,HH:mm:ss zzzz,HH:mm:ss z,HH:mm:ss,HH:mm,yMMMMEEEEd,yMMMMd,yMMMd,yMMdd,HHmmsszzzz,HHmmssz,HHmmss,HHmm,Mutarama|Gashyantare|Werurwe|Mata|Gicurasi|Kamena|Nyakanga|Kanama|Nzeri|Ukwakira|Ugushyingo|Ukuboza,Mut.|Gas.|Wer.|Mat.|Gic.|Kam.|Nya.|Kan.|Nze.|Ukw.|Ugu.|Uku.,1|2|3|4|5|6|7|8|9|10|11|12,Ku cyumweru|Kuwa mbere|Kuwa kabiri|Kuwa gatatu|Kuwa kane|Kuwa gatanu|Kuwa gatandatu,Cyu.|Mbe.|Kab.|Gtu.|Kan.|Gnu.|Gnd.,S|M|T|W|T|F|S,AM|PM,UTC+02:00,UTC+02:00,+00:00,",",.,3,"#,##0.###","25,5%","1.234.567,89",latn
المملكة العربية السعودية,Kingdom of Saudi Arabia,المملكة العربية السعودية,Riyadh,🇸🇦,"[{""code"":""ar"",""iso639_2"":""ara"",""iso639_3"":""ara"",""name"":""Arabic"",""nativeName"":""العربية"",""official"":true,""direction"":""ltr"",""countries"":[]}]",SA,SAU,682,ar-SA,7,12h,EEEE، d MMMM y,d MMMM y,dd‏/MM‏/y,d‏/M‏/y,h:mm:ss a zzzz,h:mm:ss a z,h:mm:ss a,h:mm a,yMMMMEEEEd,yMMMMd,yMMdd,yMd,ahmmsszzzz,ahmmssz,ahmmss,ahmm,يناير|فبراير|مارس|أبريل|مايو|يونيو|يوليو|أغسطس|سبتمبر|أكتوبر|نوفمبر|ديسمبر,يناير|فبراير|مارس|أبريل|مايو|يونيو|يوليو|أغسطس|سبتمبر|أكتوبر|نوفمبر|ديسمبر,ي|ف|م|أ|و|ن|ل|غ|س|ك|ب|د,الأحد|الاثنين|الثلاثاء|الأربعاء|الخميس|الجمعة|السبت,الأحد|الاثنين|الثلاثاء|الأربعاء|الخميس|الجمعة|السبت,ح|ن|ث|ر|خ|ج|س,ص|م,UTC+03:00,UTC+03:00,+00:00,.,",",3,"#,##0.###",٢٥٫٥٪؜,١٬٢٣٤٬٥٦٧٫٨٩,latn
Solomon Islands,Solomon Islands,Solomon Islands,Honiara,🇸🇧,"[{""code"":""en"",""iso639_2"":""eng"",""iso639_3"":""eng"",""name"":""English"",""nativeName"":""English"",""official"":true,""direction"":""ltr"",""countries"":[]}]",SB,SLB,90,en-SB,1,12h,"EEEE, MMMM d, y","MMMM d, y","MMM d, y",M/d/yy,h:mm:ss a zzzz,h:mm:ss a z,h:mm:ss a,h:mm a,yMMMMEEEEd,yMMMMd,yMMMd,yyMd,ahmmsszzzz,ahmmssz,ahmmss,ahmm,January|February|March|April|May|June|July|August|September|October|November|December,Jan|Feb|Mar|Apr|May|Jun|Jul|Aug|Sep|Oct|Nov|Dec,J|F|M|A|M|J|J|A|S|O|N|D,Sunday|Monday|Tuesday|Wednesday|Thursday|Friday|Saturday,Sun|Mon|Tue|Wed|Thu|Fri|Sat,S|M|T|W|T|F|S,AM|PM,UTC+11:00,UTC+11:00,+00:00,.,",",3,"#,##0.###",25.5%,"1,234,567.89",latn
Seychelles,Republic of Seychelles,Seychelles,Victoria,🇸🇨,"[{""code"":""fr"",""iso639_2"":""fra"",""iso639_3"":""fra"",""name"":""French"",""nativeName"":""français"",""official"":true,""direction"":""ltr"",""countries"":[]},{""code"":""en"",""iso639_2"":""eng"",""iso639_3"":""eng"",""name"":""English"",""nativeName"":""English"",""official"":true,""direction"":""ltr"",""countries"":[]}]",SC,SYC,690,fr-SC,1,24h,EEEE d MMMM y,d MMMM y,d MMM y,dd/MM/y,HH:mm:ss zzzz,HH:mm:ss z,HH:mm:ss,HH:mm,yMMMMEEEEd,yMMMMd,yMMMd,yMMdd,HHmmsszzzz,HHmmssz,HHmmss,HHmm,janvier|février|mars|avril|mai|juin|juillet|août|septembre|octobre|novembre|décembre,janv.|févr.|mars|avr.|mai|juin|juil.|août|sept.|oct.|nov.|déc.,J|F|M|A|M|J|J|A|S|O|N|D,dimanche|lundi|mardi|mercredi|jeudi|vendredi|samedi,dim.|lun.|mar.|mer.|jeu.|ven.|sam.,D|L|M|M|J|V|S,AM|PM,UTC+04:00,UTC+04:00,+00:00,",", ,3,"#,##0.###","25,5 %","1 234 567,89",latn
السودان,Republic of the Sudan,السودان,Khartoum,🇸🇩,"[{""code"":""ar"",""iso639_2"":""ara"",""iso639_3"":""ara"",""name"":""Arabic"",""nativeName"":""العربية"",""official"":true,""direction"":""ltr"",""countries"":[]},{""code"":""en"",""iso639_2"":""eng"",""iso639_3"":""eng"",""name"":""English"",""nativeName"":""English"",""official"":true,""direction"":""ltr"",""countries"":[]}]",SD,SDN,729,ar-SD,6,12h,EEEE، d MMMM y,d MMMM y,dd‏/MM‏/y,d‏/M‏/y,h:mm:ss a zzzz,h:mm:ss a z,h:mm:ss a,h:mm a,yMMMMEEEEd,yMMMMd,yMMdd,yMd,ahmmsszzzz,ahmmssz,ahmmss,ahmm,يناير|فبراير|مارس|أبريل|مايو|يونيو|يوليو|أغسطس|سبتمبر|أكتوبر|نوفمبر|ديسمبر,يناير|فبراير|مارس|أبريل|مايو|يونيو|يوليو|أغسطس|سبتمبر|أكتوبر|نوفمبر|ديسمبر,ي|ف|م|أ|و|ن|ل|غ|س|ك|ب|د,الأحد|الاثنين|الثلاثاء|الأربعاء|الخميس|الجمعة|السبت,الأحد|الاثنين|الثلاثاء|الأربعاء|الخميس|الجمعة|السبت,ح|ن|ث|ر|خ|ج|س,ص|م,UTC+03:00,UTC+03:00,+00:00,.,",",3,"#,##0.###",٢٥٫٥٪؜,١٬٢٣٤٬٥٦٧٫٨٩,latn
Sverige,Kingdom of Sweden,Sverige,Stockholm,🇸🇪,"[{""code"":""sv"",""iso639_2"":""swe"",""iso639_3"":""swe"",""name"":""Swedish"",""nativeName"":""svenska"",""official"":true,""direction"":""ltr"",""countries"":[]}]",SE,SWE,752,sv-SE,1,24h,EEEE d MMMM y,d MMMM y,d MMM y,y-MM-dd,HH:mm:ss zzzz,HH:mm:ss z,HH:mm:ss,HH:mm,yMMMMEEEEd,yMMMMd,yMMMd,yMMdd,HHmmsszzzz,HHmmssz,HHmmss,HHmm,januari|februari|mars|april|maj|juni|juli|augusti|september|oktober|november|december,jan.|feb.|mars|apr.|maj|juni|juli|aug.|sep.|okt.|nov.|dec.,J|F|M|A|M|J|J|A|S|O|N|D,söndag|måndag|tisdag|onsdag|torsdag|fredag|lördag,sön|mån|tis|ons|tors|fre|lör,S|M|T|O|T|F|L,fm|em,UTC+01:00,UTC+01:00,+00:00,",", ,3,"#,##0.###","25,5 %","1 234 567,89",latn
Singapore,Republic of Singapore,Singapore,Singapore,🇸🇬,"[{""code"":""en"",""iso639_2"":""eng"",""iso639_3"":""eng"",""name"":""English"",""nativeName"":""English"",""official"":true,""direction"":""ltr"",""countries"":[]},{""code"":""ms"",""iso639_2"":""msa"",""iso639_3"":""msa"",""name"":""Malay"",""nativeName"":""bahasa Melayu"",""official"":true,""direction"":""ltr"",""countries"":[]},{""code"":""ta"",""iso639_2"":""tam"",""iso639_3"":""tam"",""name"":""Tamil"",""nativeName"":""தமிழ்"",""official"":true,""direction"":""ltr"",""countries"":[]},{""code"":""zh"",""iso639_2"":""zho"",""iso639_3"":""zho"",""name"":""Chinese"",""nativeName"":""中文 (Zhōngwén)"",""official"":true,""direction"":""ltr"",""countries"":[]}]",SG,SGP,702,en-SG,7,12h,"EEEE, MMMM d, y","MMMM d, y","MMM d, y",M/d/yy,h:mm:ss a zzzz,h:mm:ss a z,h:mm:ss a,h:mm a,yMMMMEEEEd,yMMMMd,yMMMd,yyMd,ahmmsszzzz,ahmmssz,ahmmss,ahmm,January|February|March|April|May|June|July|August|September|October|November|December,Jan|Feb|Mar|Apr|May|Jun|Jul|Aug|Sep|Oct|Nov|Dec,J|F|M|A|M|J|J|A|S|O|N|D,Sunday|Monday|Tuesday|Wednesday|Thursday|Friday|Saturday,Sun|Mon|Tue|Wed|Thu|Fri|Sat,S|M|T|W|T|F|S,AM|PM,UTC+08:00,UTC+08:00,+00:00,.,",",3,"#,##0.###",25.5%,"1,234,567.89",latn
St. Helena,"Saint Helena, Ascension and Tristan da Cunha",St. Helena,Jamestown,🇸🇭,"[{""code"":""en"",""iso639_2"":""eng"",""iso639_3"":""eng"",""name"":""English"",""nativeName"":""English"",""official"":true,""direction"":""ltr"",""countries"":[]}]",SH,SHN,654,en-SH,1,12h,"EEEE, MMMM d, y","MMMM d, y","MMM d, y",M/d/yy,h:mm:ss a zzzz,h:mm:ss a z,h:mm:ss a,h:mm a,yMMMMEEEEd,yMMMMd,yMMMd,yyMd,ahmmsszzzz,ahmmssz,ahmmss,ahmm,January|February|March|April|May|June|July|August|September|October|November|December,Jan|Feb|Mar|Apr|May|Jun|Jul|Aug|Sep|Oct|Nov|Dec,J|F|M|A|M|J|J|A|S|O|N|D,Sunday|Monday|Tuesday|Wednesday|Thursday|Friday|Saturday,Sun|Mon|Tue|Wed|Thu|Fri|Sat,S|M|T|W|T|F|S,AM|PM,UTC+00:00,UTC+00:00,+00:00,.,",",3,"#,##0.###",25.5%,"1,234,567.89",latn
Slovenija,Republic of Slovenia,Slovenija,Ljubljana,🇸🇮,"[{""code"":""sl"",""iso639_2"":""slv"",""iso639_3"":""slv"",""name"":""Slovene"",""nativeName"":""slovenski jezik"",""official"":true,""direction"":""ltr"",""countries"":[]}]",SI,SVN,705,sl-SI,1,24h,"EEEE, d. MMMM y",d. MMMM y,d. MMM y,d. M. y,HH:mm:ss zzzz,HH:mm:ss z,HH:mm:ss,HH:mm,yMMMMEEEEdd,yMMMMdd,yMMMd,yyMMd,HHmmsszzzz,HHmmssz,HHmmss,HHmm,januar|februar|marec|april|maj|junij|julij|avgust|september|oktober|november|december,jan.|feb.|mar.|apr.|maj|jun.|jul.|avg.|sep.|okt.|nov.|dec.,j|f|m|a|m|j|j|a|s|o|n|d,nedelja|ponedeljek|torek|sreda|četrtek|petek|sobota,ned.|pon.|tor.|sre.|čet.|pet.|sob.,n|p|t|s|č|p|s,dop.|pop.,UTC+01:00,UTC+01:00,+00:00,",",.,3,"#,##0.###","25,5 %","1.234.567,89",latn
Svalbard og Jan Mayen,Svalbard og Jan Mayen,Svalbard og Jan Mayen,Longyearbyen,🇸🇯,"[{""code"":""no"",""iso639_2"":""nor"",""iso639_3"":""nor"",""name"":""Norwegian"",""nativeName"":""Norsk"",""official"":true,""direction"":""ltr"",""countries"":[]}]",SJ,SJM,744,no-SJ,1,24h,EEEE d. MMMM y,d. MMMM y,d. MMM y,dd.MM.y,HH:mm:ss zzzz,HH:mm:ss z,HH:mm:ss,HH:mm,yMMMMEEEEd,yMMMMd,yMMMd,yMMdd,HHmmsszzzz,HHmmssz,HHmmss,HHmm,januar|februar|mars|april|mai|juni|juli|august|september|oktober|november|desember,jan.|feb.|mars|apr.|mai|juni|juli|aug.|sep.|okt.|nov.|des.,J|F|M|A|M|J|J|A|S|O|N|D,søndag|mandag|tirsdag|onsdag|torsdag|fredag|lørdag,søn.|man.|tir.|ons.|tor.|fre.|lør.,S|M|T|O|T|F|L,a.m.|p.m.,UTC+01:00,UTC+01:00,+00:00,",", ,3,"#,##0.###","25,5 %","1 234 567,89",latn
Slovensko,Slovak Republic,Slovensko,Bratislava,🇸🇰,"[{""code"":""sk"",""iso639_2"":""slk"",""iso639_3"":""slk"",""name"":""Slovak"",""nativeName"":""slovenčina"",""official"":true,""direction"":""ltr"",""countries"":[]}]",SK,SVK,703,sk-SK,1,24h,EEEE d. MMMM y,d. MMMM y,d. M. y,d. M. y,H:mm:ss zzzz,H:mm:ss z,H:mm:ss,H:mm,yMMMMEEEEd,yMMMMd,yMd,yMd,Hmmsszzzz,Hmmssz,Hmmss,Hmm,januára|februára|marca|apríla|mája|júna|júla|augusta|septembra|októbra|novembra|decembra,jan|feb|mar|apr|máj|jún|júl|aug|sep|okt|nov|dec,j|f|m|a|m|j|j|a|s|o|n|d,nedeľa|pondelok|utorok|streda|štvrtok|piatok|sobota,ne|po|ut|st|št|pi|so,n|p|u|s|š|p|s,AM|PM,UTC+01:00,UTC+01:00,+00:00,",", ,3,"#,##0.###","25,5 %","1 234 567,89",latn
Sierra Leone,Republic of Sierra Leone,Sierra Leone,Freetown,🇸🇱,"[{""code"":""en"",""iso639_2"":""eng"",""iso639_3"":""eng"",""name"":""English"",""nativeName"":""English"",""official"":true,""direction"":""ltr"",""countries"":[]}]",SL,SLE,694,en-SL,1,12h,"EEEE, MMMM d, y","MMMM d, y","MMM d, y",M/d/yy,h:mm:ss a zzzz,h:mm:ss a z,h:mm:ss a,h:mm a,yMMMMEEEEd,yMMMMd,yMMMd,yyMd,ahmmsszzzz,ahmmssz,ahmmss,ahmm,January|February|March|April|May|June|July|August|September|October|November|December,Jan|Feb|Mar|Apr|May|Jun|Jul|Aug|Sep|Oct|Nov|Dec,J|F|M|A|M|J|J|A|S|O|N|D,Sunday|Monday|Tuesday|Wednesday|Thursday|Friday|Saturday,Sun|Mon|Tue|Wed|Thu|Fri|Sat,S|M|T|W|T|F|S,AM|PM,UTC,UTC,+00:00,.,",",3,"#,##0.###",25.5%,"1,234,567.89",latn
San Marino,Most Serene Republic of San Marino,San Marino,City of San Marino,🇸🇲,"[{""code"":""it"",""iso639_2"":""ita"",""iso639_3"":""ita"",""name"":""Italian"",""nativeName"":""Italiano"",""official"":true,""direction"":""ltr"",""countries"":[]}]",SM,SMR,674,it-SM,1,24h,EEEE d MMMM y,d MMMM y,d MMM y,dd/MM/yy,HH:mm:ss zzzz,HH:mm:ss z,HH:mm:ss,HH:mm,yMMMMEEEEd,yMMMMd,yMMMd,yyMMdd,HHmmsszzzz,HHmmssz,HHmmss,HHmm,gennaio|febbraio|marzo|aprile|maggio|giugno|luglio|agosto|settembre|ottobre|novembre|dicembre,gen|feb|mar|apr|mag|giu|lug|ago|set|ott|nov|dic,G|F|M|A|M|G|L|A|S|O|N|D,domenica|lunedì|martedì|mercoledì|giovedì|venerdì|sabato,dom|lun|mar|mer|gio|ven|sab,D|L|M|M|G|V|S,AM|PM,UTC+01:00,UTC+01:00,+00:00,",",.,3,"#,##0.###","25,5%","1.234.567,89",latn
Sénégal,Republic of Senegal,Sénégal,Dakar,🇸🇳,"[{""code"":""fr"",""iso639_2"":""fra"",""iso639_3"":""fra"",""name"":""French"",""nativeName"":""français"",""official"":true,""direction"":""ltr"",""countries"":[]}]",SN,SEN,686,fr-SN,1,24h,EEEE d MMMM y,d MMMM y,d MMM y,dd/MM/y,HH:mm:ss zzzz,HH:mm:ss z,HH:mm:ss,HH:mm,yMMMMEEEEd,yMMMMd,yMMMd,yMMdd,HHmmsszzzz,HHmmssz,HHmmss,HHmm,janvier|février|mars|avril|mai|juin|juillet|août|septembre|octobre|novembre|décembre,janv.|févr.|mars|avr.|mai|juin|juil.|août|sept.|oct.|nov.|déc.,J|F|M|A|M|J|J|A|S|O|N|D,dimanche|lundi|mardi|mercredi|jeudi|vendredi|samedi,dim.|lun.|mar.|mer.|jeu.|ven.|sam.,D|L|M|M|J|V|S,AM|PM,UTC,UTC,+00:00,",", ,3,"#,##0.###","25,5 %","1 234 567,89",latn
Soomaaliya,Federal Republic of Somalia,Soomaaliya,Mogadishu,🇸🇴,"[{""code"":""so"",""iso639_2"":""som"",""iso639_3"":""som"",""name"":""Somali"",""nativeName"":""Soomaaliga"",""official"":true,""direction"":""ltr"",""countries"":[]},{""code"":""ar"",""iso639_2"":""ara"",""iso639_3"":""ara"",""name"":""Arabic"",""nativeName"":""العربية"",""official"":true,""direction"":""ltr"",""countries"":[]}]",SO,SOM,706,so-SO,1,12h,"EEEE, MMMM d, y","MMMM d, y",dd-MMM-y,dd/MM/yy,h:mm:ss a zzzz,h:mm:ss a z,h:mm:ss a,h:mm a,yMMMMEEEEdd,yMMMMdd,yMMMdd,yyMMdd,ahmmsszzzz,ahmmssz,ahmmss,ahmm,Janaayo|Febraayo|Maarso|Abriil|Maayo|Juun|Luulyo|Agosto|Sebtembar|Oktoobar|Noofeembar|Diseembar,Jan|Feb|Mar|Abr|May|Jun|Lul|Ogs|Seb|Okt|Nof|Dis,J|F|M|A|M|J|L|O|S|O|N|D,Axad|Isniin|Talaado|Arbaco|Khamiis|Jimco|Sabti,Axd|Isn|Tldo|Arbc|Khms|Jmc|Sbti,A|I|T|A|Kh|J|S,GH|GD,UTC+03:00,UTC+03:00,+00:00,.,",",3,"#,##0.###",25.5%,"1,234,567.89",latn
Suriname,Republic of Suriname,Suriname,Paramaribo,🇸🇷,"[{""code"":""nl"",""iso639_2"":""nld"",""iso639_3"":""nld"",""name"":""Dutch"",""nativeName"":""Nederlands"",""official"":true,""direction"":""ltr"",""countries"":[]}]",SR,SUR,740,nl-SR,1,24h,EEEE d MMMM y,d MMMM y,d MMM y,dd-MM-y,HH:mm:ss zzzz,HH:mm:ss z,HH:mm:ss,HH:mm,yMMMMEEEEd,yMMMMd,yMMMd,yMMdd,HHmmsszzzz,HHmmssz,HHmmss,HHmm,januari|februari|maart|april|mei|juni|juli|augustus|september|oktober|november|december,jan|feb|mrt|apr|mei|jun|jul|aug|sep|okt|nov|dec,J|F|M|A|M|J|J|A|S|O|N|D,zondag|maandag|dinsdag|woensdag|donderdag|vrijdag|zaterdag,zo|ma|di|wo|do|vr|za,Z|M|D|W|D|V|Z,a.m.|p.m.,UTC-03:00,UTC-03:00,+00:00,",",.,3,"#,##0.###","25,5%","1.234.567,89",latn
South Sudan,Republic of South Sudan,South Sudan,Juba,🇸🇸,"[{""code"":""en"",""iso639_2"":""eng"",""iso639_3"":""eng"",""name"":""English"",""nativeName"":""English"",""official"":true,""direction"":""ltr"",""countries"":[]}]",SS,SSD,728,en-SS,1,12h,"EEEE, MMMM d, y","MMMM d, y","MMM d, y",M/d/yy,h:mm:ss a zzzz,h:mm:ss a z,h:mm:ss a,h:mm a,yMMMMEEEEd,yMMMMd,yMMMd,yyMd,ahmmsszzzz,ahmmssz,ahmmss,ahmm,January|February|March|April|May|June|July|August|September|October|November|December,Jan|Feb|Mar|Apr|May|Jun|Jul|Aug|Sep|Oct|Nov|Dec,J|F|M|A|M|J|J|A|S|O|N|D,Sunday|Monday|Tuesday|Wednesday|Thursday|Friday|Saturday,Sun|Mon|Tue|Wed|Thu|Fri|Sat,S|M|T|W|T|F|S,AM|PM,UTC+03:00,UTC+03:00,+00:00,.,",",3,"#,##0.###",25.5%,"1,234,567.89",latn
São Tomé e Príncipe,Democratic Republic of São Tomé and Príncipe,São Tomé e Príncipe,São Tomé,🇸🇹,"[{""code"":""pt"",""iso639_2"":""por"",""iso639_3"":""por"",""name"":""Portuguese"",""nativeName"":""Português"",""official"":true,""direction"":""ltr"",""countries"":[]}]",ST,STP,678,pt-ST,1,24h,"EEEE, d 'de' MMMM 'de' y",d 'de' MMMM 'de' y,d 'de' MMM 'de' y,dd/MM/y,HH:mm:ss zzzz,HH:mm:ss z,HH:mm:ss,HH:mm,yMMMMEEEEd,yMMMMd,yMMMd,yMMdd,HHmmsszzzz,HHmmssz,HHmmss,HHmm,janeiro|fevereiro|março|abril|maio|junho|julho|agosto|setembro|outubro|novembro|dezembro,jan.|fev.|mar.|abr.|mai.|jun.|jul.|ago.|set.|out.|nov.|dez.,J|F|M|A|M|J|J|A|S|O|N|D,domingo|segunda-feira|terça-feira|quarta-feira|quinta-feira|sexta-feira|sábado,dom.|seg.|ter.|qua.|qui.|sex.|sáb.,D|S|T|Q|Q|S|S,AM|PM,UTC,UTC,+00:00,",",.,3,"#,##0.###","25,5%","1 234 567,89",latn
El Salvador,Republic of El Salvador,El Salvador,San Salvador,🇸🇻,"[{""code"":""es"",""iso639_2"":""spa"",""iso639_3"":""spa"",""name"":""Spanish"",""nativeName"":""Español"",""official"":true,""direction"":""ltr"",""countries"":[]}]",SV,SLV,222,es-SV,7,24h,"EEEE, d 'de' MMMM 'de' y",d 'de' MMMM 'de' y,d MMM y,d/M/yy,H:mm:ss (zzzz),H:mm:ss z,H:mm:ss,H:mm,yMMMMEEEEd,yMMMMd,yMMMd,yyMd,Hmmsszzzz,Hmmssz,Hmmss,Hmm,enero|febrero|marzo|abril|mayo|junio|julio|agosto|septiembre|octubre|noviembre|diciembre,ene|feb|mar|abr|may|jun|jul|ago|sept|oct|nov|dic,E|F|M|A|M|J|J|A|S|O|N|D,domingo|lunes|martes|miércoles|jueves|viernes|sábado,dom|lun|mar|mié|jue|vie|sáb,D|L|M|X|J|V|S,a. m.|p. m.,UTC-06:00,UTC-06:00,+00:00,",",.,3,"#,##0.###",25.5%,"1,234,567.89",latn
Sint-Maarten,Sint Maarten,Sint-Maarten,Philipsburg,🇸🇽,"[{""code"":""nl"",""iso639_2"":""nld"",""iso639_3"":""nld"",""name"":""Dutch"",""nativeName"":""Nederlands"",""official"":true,""direction"":""ltr"",""countries"":[]},{""code"":""en"",""iso639_2"":""eng"",""iso639_3"":""eng"",""name"":""English"",""nativeName"":""English"",""official"":true,""direction"":""ltr"",""countries"":[]}]",SX,SXM,534,nl-SX,1,24h,EEEE d MMMM y,d MMMM y,d MMM y,dd-MM-y,HH:mm:ss zzzz,HH:mm:ss z,HH:mm:ss,HH:mm,yMMMMEEEEd,yMMMMd,yMMMd,yMMdd,HHmmsszzzz,HHmmssz,HHmmss,HHmm,januari|februari|maart|april|mei|juni|juli|augustus|september|oktober|november|december,jan|feb|mrt|apr|mei|jun|jul|aug|sep|okt|nov|dec,J|F|M|A|M|J|J|A|S|O|N|D,zondag|maandag|dinsdag|woensdag|donderdag|vrijdag|zaterdag,zo|ma|di|wo|do|vr|za,Z|M|D|W|D|V|Z,a.m.|p.m.,UTC-04:00,UTC-04:00,+00:00,",",.,3,"#,##0.###","25,5%","1.234.567,89",latn
سوريا,Syrian Arab Republic,سوريا,Damascus,🇸🇾,"[{""code"":""ar"",""iso639_2"":""ara"",""iso639_3"":""ara"",""name"":""Arabic"",""nativeName"":""العربية"",""official"":true,""direction"":""ltr"",""countries"":[]}]",SY,SYR,760,ar-SY,6,12h,EEEE، d MMMM y,d MMMM y,dd‏/MM‏/y,d‏/M‏/y,h:mm:ss a zzzz,h:mm:ss a z,h:mm:ss a,h:mm a,yMMMMEEEEd,yMMMMd,yMMdd,yMd,ahmmsszzzz,ahmmssz,ahmmss,ahmm,يناير|فبراير|مارس|أبريل|مايو|يونيو|يوليو|أغسطس|سبتمبر|أكتوبر|نوفمبر|ديسمبر,يناير|فبراير|مارس|أبريل|مايو|يونيو|يوليو|أغسطس|سبتمبر|أكتوبر|نوفمبر|ديسمبر,ي|ف|م|أ|و|ن|ل|غ|س|ك|ب|د,الأحد|الاثنين|الثلاثاء|الأربعاء|الخميس|الجمعة|السبت,الأحد|الاثنين|الثلاثاء|الأربعاء|الخميس|الجمعة|السبت,ح|ن|ث|ر|خ|ج|س,ص|م,UTC+02:00,UTC+02:00,+00:00,.,",",3,"#,##0.###",٢٥٫٥٪؜,١٬٢٣٤٬٥٦٧٫٨٩,latn
Eswatini,Kingdom of Eswatini,Eswatini,Lobamba,🇸🇿,"[{""code"":""en"",""iso639_2"":""eng"",""iso639_3"":""eng"",""name"":""English"",""nativeName"":""English"",""official"":true,""direction"":""ltr"",""countries"":[]},{""code"":""ss"",""iso639_2"":""ssw"",""iso639_3"":""ssw"",""name"":""Swati"",""nativeName"":""SiSwati"",""official"":true,""direction"":""ltr"",""countries"":[]}]",SZ,SWZ,748,en-SZ,1,12h,"EEEE, MMMM d, y","MMMM d, y","MMM d, y",M/d/yy,h:mm:ss a zzzz,h:mm:ss a z,h:mm:ss a,h:mm a,yMMMMEEEEd,yMMMMd,yMMMd,yyMd,ahmmsszzzz,ahmmssz,ahmmss,ahmm,January|February|March|April|May|June|July|August|September|October|November|December,Jan|Feb|Mar|Apr|May|Jun|Jul|Aug|Sep|Oct|Nov|Dec,J|F|M|A|M|J|J|A|S|O|N|D,Sunday|Monday|Tuesday|Wednesday|Thursday|Friday|Saturday,Sun|Mon|Tue|Wed|Thu|Fri|Sat,S|M|T|W|T|F|S,AM|PM,UTC+02:00,UTC+02:00,+00:00,.,",",3,"#,##0.###",25.5%,"1,234,567.89",latn
Turks & Caicos Islands,Turks and Caicos Islands,Turks & Caicos Islands,Cockburn Town,🇹🇨,"[{""code"":""en"",""iso639_2"":""eng"",""iso639_3"":""eng"",""name"":""English"",""nativeName"":""English"",""official"":true,""direction"":""ltr"",""countries"":[]}]",TC,TCA,796,en-TC,1,12h,"EEEE, MMMM d, y","MMMM d, y","MMM d, y",M/d/yy,h:mm:ss a zzzz,h:mm:ss a z,h:mm:ss a,h:mm a,yMMMMEEEEd,yMMMMd,yMMMd,yyMd,ahmmsszzzz,ahmmssz,ahmmss,ahmm,January|February|March|April|May|June|July|August|September|October|November|December,Jan|Feb|Mar|Apr|May|Jun|Jul|Aug|Sep|Oct|Nov|Dec,J|F|M|A|M|J|J|A|S|O|N|D,Sunday|Monday|Tuesday|Wednesday|Thursday|Friday|Saturday,Sun|Mon|Tue|Wed|Thu|Fri|Sat,S|M|T|W|T|F|S,AM|PM,UTC-04:00,UTC-04:00,+00:00,.,",",3,"#,##0.###",25.5%,"1,234,567.89",latn
Tchad,Republic of Chad,Tchad,N'Djamena,🇹🇩,"[{""code"":""fr"",""iso639_2"":""fra"",""iso639_3"":""fra"",""name"":""French"",""nativeName"":""français"",""official"":true,""direction"":""ltr"",""countries"":[]},{""code"":""ar"",""iso639_2"":""ara"",""iso639_3"":""ara"",""name"":""Arabic"",""nativeName"":""العربية"",""official"":true,""direction"":""ltr"",""countries"":[]}]",TD,TCD,148,fr-TD,1,24h,EEEE d MMMM y,d MMMM y,d MMM y,dd/MM/y,HH:mm:ss zzzz,HH:mm:ss z,HH:mm:ss,HH:mm,yMMMMEEEEd,yMMMMd,yMMMd,yMMdd,HHmmsszzzz,HHmmssz,HHmmss,HHmm,janvier|février|mars|avril|mai|juin|juillet|août|septembre|octobre|novembre|décembre,janv.|févr.|mars|avr.|mai|juin|juil.|août|sept.|oct.|nov.|déc.,J|F|M|A|M|J|J|A|S|O|N|D,dimanche|lundi|mardi|mercredi|jeudi|vendredi|samedi,dim.|lun.|mar.|mer.|jeu.|ven.|sam.,D|L|M|M|J|V|S,AM|PM,UTC+01:00,UTC+01:00,+00:00,",", ,3,"#,##0.###","25,5 %","1 234 567,89",latn
Terres australes françaises,Territory of the French Southern and Antarctic Lands,Terres australes françaises,Port-aux-Français,🇹🇫,"[{""code"":""fr"",""iso639_2"":""fra"",""iso639_3"":""fra"",""name"":""French"",""nativeName"":""français"",""official"":true,""direction"":""ltr"",""countries"":[]}]",TF,ATF,260,fr-TF,1,24h,EEEE d MMMM y,d MMMM y,d MMM y,dd/MM/y,HH:mm:ss zzzz,HH:mm:ss z,HH:mm:ss,HH:mm,yMMMMEEEEd,yMMMMd,yMMMd,yMMdd,HHmmsszzzz,HHmmssz,HHmmss,HHmm,janvier|février|mars|avril|mai|juin|juillet|août|septembre|octobre|novembre|décembre,janv.|févr.|mars|avr.|mai|juin|juil.|août|sept.|oct.|nov.|déc.,J|F|M|A|M|J|J|A|S|O|N|D,dimanche|lundi|mardi|mercredi|jeudi|vendredi|samedi,dim.|lun.|mar.|mer.|jeu.|ven.|sam.,D|L|M|M|J|V|S,AM|PM,UTC+05:00,UTC+05:00,+00:00,",", ,3,"#,##0.###","25,5 %","1 234 567,89",latn
Togo,Togolese Republic,Togo,Lomé,🇹🇬,"[{""code"":""fr"",""iso639_2"":""fra"",""iso639_3"":""fra"",""name"":""French"",""nativeName"":""français"",""official"":true,""direction"":""ltr"",""countries"":[]}]",TG,TGO,768,fr-TG,1,24h,EEEE d MMMM y,d MMMM y,d MMM y,dd/MM/y,HH:mm:ss zzzz,HH:mm:ss z,HH:mm:ss,HH:mm,yMMMMEEEEd,yMMMMd,yMMMd,yMMdd,HHmmsszzzz,HHmmssz,HHmmss,HHmm,janvier|février|mars|avril|mai|juin|juillet|août|septembre|octobre|novembre|décembre,janv.|févr.|mars|avr.|mai|juin|juil.|août|sept.|oct.|nov.|déc.,J|F|M|A|M|J|J|A|S|O|N|D,dimanche|lundi|mardi|mercredi|jeudi|vendredi|samedi,dim.|lun.|mar.|mer.|jeu.|ven.|sam.,D|L|M|M|J|V|S,AM|PM,UTC,UTC,+00:00,",", ,3,"#,##0.###","25,5 %","1 234 567,89",latn
ไทย,Kingdom of Thailand,ไทย,Bangkok,🇹🇭,"[{""code"":""th"",""iso639_2"":""tha"",""iso639_3"":""tha"",""name"":""Thai"",""nativeName"":""ไทย"",""official"":true,""direction"":""ltr"",""countries"":[]}]",TH,THA,764,th-TH,7,24h,EEEEที่ d MMMM G y,d MMMM G y,d MMM y,d/M/yy,H นาฬิกา mm นาที ss วินาที zzzz,H นาฬิกา mm นาที ss วินาที z,HH:mm:ss,HH:mm,GyMMMMEEEEd,GyMMMMd,yMMMd,yyMd,Hmmsszzzz,Hmmssz,HHmmss,HHmm,มกราคม|กุมภาพันธ์|มีนาคม|เมษายน|พฤษภาคม|มิถุนายน|กรกฎาคม|สิงหาคม|กันยายน|ตุลาคม|พฤศจิกายน|ธันวาคม,ม.ค.|ก.พ.|มี.ค.|เม.ย.|พ.ค.|มิ.ย.|ก.ค.|ส.ค.|ก.ย.|ต.ค.|พ.ย.|ธ.ค.,ม.ค.|ก.พ.|มี.ค.|เม.ย.|พ.ค.|มิ.ย.|ก.ค.|ส.ค.|ก.ย.|ต.ค.|พ.ย.|ธ.ค.,วันอาทิตย์|วันจันทร์|วันอังคาร|วันพุธ|วันพฤหัสบดี|วันศุกร์|วันเสาร์,อาทิตย์|จันทร์|อังคาร|พุธ|พฤหัส|ศุกร์|เสาร์,อา|จ|อ|พ|พฤ|ศ|ส,AM|PM,UTC+07:00,UTC+07:00,+00:00,.,",",3,"#,##0.###",25.5%,"1,234,567.89",latn
Тоҷикистон,Republic of Tajikistan,Тоҷикистон,Dushanbe,🇹🇯,"[{""code"":""tg"",""iso639_2"":""tgk"",""iso639_3"":""tgk"",""name"":""Tajik"",""nativeName"":""тоҷикӣ"",""official"":true,""direction"":""ltr"",""countries"":[]},{""code"":""ru"",""iso639_2"":""rus"",""iso639_3"":""rus"",""name"":""Russian"",""nativeName"":""Русский"",""official"":true,""direction"":""ltr"",""countries"":[]}]",TJ,TJK,762,tg-TJ,1,24h,"EEEE, dd MMMM y",dd MMMM y,dd MMM y,dd/MM/yy,HH:mm:ss zzzz,HH:mm:ss z,HH:mm:ss,HH:mm,yMMMMEEEEdd,yMMMMdd,yMMMdd,yyMMdd,HHmmsszzzz,HHmmssz,HHmmss,HHmm,Январ|Феврал|Март|Апрел|Май|Июн|Июл|Август|Сентябр|Октябр|Ноябр|Декабр,Янв|Фев|Мар|Апр|Май|Июн|Июл|Авг|Сен|Окт|Ноя|Дек,Я|Ф|М|А|М|И|И|А|С|О|Н|Д,Якшанбе|Душанбе|Сешанбе|Чоршанбе|Панҷшанбе|Ҷумъа|Шанбе,Яшб|Дшб|Сшб|Чшб|Пшб|Ҷмъ|Шнб,Я|Д|С|Ч|П|Ҷ|Ш,AM|PM,UTC+05:00,UTC+05:00,+00:00,",", ,3,"#,##0.###","25,5%","1 234 567,89",latn
Tokelau,Tokelau,Tokelau,Fakaofo,🇹🇰,"[{""code"":""en"",""iso639_2"":""eng"",""iso639_3"":""eng"",""name"":""English"",""nativeName"":""English"",""official"":true,""direction"":""ltr"",""countries"":[]}]",TK,TKL,772,en-TK,1,12h,"EEEE, MMMM d, y","MMMM d, y","MMM d, y",M/d/yy,h:mm:ss a zzzz,h:mm:ss a z,h:mm:ss a,h:mm a,yMMMMEEEEd,yMMMMd,yMMMd,yyMd,ahmmsszzzz,ahmmssz,ahmmss,ahmm,January|February|March|April|May|June|July|August|September|October|November|December,Jan|Feb|Mar|Apr|May|Jun|Jul|Aug|Sep|Oct|Nov|Dec,J|F|M|A|M|J|J|A|S|O|N|D,Sunday|Monday|Tuesday|Wednesday|Thursday|Friday|Saturday,Sun|Mon|Tue|Wed|Thu|Fri|Sat,S|M|T|W|T|F|S,AM|PM,UTC+13:00,UTC+13:00,+00:00,.,",",3,"#,##0.###",25.5%,"1,234,567.89",latn
Timor-Leste,Democratic Republic of Timor-Leste,Timor-Leste,Dili,🇹🇱,"[{""code"":""pt"",""iso639_2"":""por"",""iso639_3"":""por"",""name"":""Portuguese"",""nativeName"":""Português"",""official"":true,""direction"":""ltr"",""countries"":[]}]",TL,TLS,626,pt-TL,1,24h,"EEEE, d 'de' MMMM 'de' y",d 'de' MMMM 'de' y,d 'de' MMM 'de' y,dd/MM/y,HH:mm:ss zzzz,HH:mm:ss z,HH:mm:ss,HH:mm,yMMMMEEEEd,yMMMMd,yMMMd,yMMdd,HHmmsszzzz,HHmmssz,HHmmss,HHmm,janeiro|fevereiro|março|abril|maio|junho|julho|agosto|setembro|outubro|novembro|dezembro,jan.|fev.|mar.|abr.|mai.|jun.|jul.|ago.|set.|out.|nov.|dez.,J|F|M|A|M|J|J|A|S|O|N|D,domingo|segunda-feira|terça-feira|quarta-feira|quinta-feira|sexta-feira|sábado,dom.|seg.|ter.|qua.|qui.|sex.|sáb.,D|S|T|Q|Q|S|S,AM|PM,UTC+09:00,UTC+09:00,+00:00,",",.,3,"#,##0.###","25,5%","1 234 567,89",latn
Türkmenistan,Turkmenistan,Türkmenistan,Ashgabat,🇹🇲,"[{""code"":""tk"",""iso639_2"":""tuk"",""iso639_3"":""tuk"",""name"":""Turkmen"",""nativeName"":""Türkmen"",""official"":true,""direction"":""ltr"",""countries"":[]},{""code"":""ru"",""iso639_2"":""rus"",""iso639_3"":""rus"",""name"":""Russian"",""nativeName"":""Русский"",""official"":true,""direction"":""ltr"",""countries"":[]}]",TM,TKM,795,tk-TM,1,24h,d MMMM y EEEE,d MMMM y,d MMM y,dd.MM.y,HH:mm:ss zzzz,HH:mm:ss z,HH:mm:ss,HH:mm,yMMMMEEEEd,yMMMMd,yMMMd,yMMdd,HHmmsszzzz,HHmmssz,HHmmss,HHmm,ýanwar|fewral|mart|aprel|maý|iýun|iýul|awgust|sentýabr|oktýabr|noýabr|dekabr,ýan|few|mart|apr|maý|iýun|iýul|awg|sen|okt|noý|dek,Ý|F|M|A|M|I|I|A|S|O|N|D,ýekşenbe|duşenbe|sişenbe|çarşenbe|penşenbe|anna|şenbe,ýek|duş|siş|çar|pen|ann|şen,Ý|D|S|Ç|P|A|Ş,go.öň|go.soň,UTC+05:00,UTC+05:00,+00:00,",", ,3,"#,##0.###","25,5 %","1 234 567,89",latn
تونس,Tunisian Republic,تونس,Tunis,🇹🇳,"[{""code"":""ar"",""iso639_2"":""ara"",""iso639_3"":""ara"",""name"":""Arabic"",""nativeName"":""العربية"",""official"":true,""direction"":""ltr"",""countries"":[]}]",TN,TUN,788,ar-TN,1,12h,EEEE، d MMMM y,d MMMM y,dd‏/MM‏/y,d‏/M‏/y,h:mm:ss a zzzz,h:mm:ss a z,h:mm:ss a,h:mm a,yMMMMEEEEd,yMMMMd,yMMdd,yMd,ahmmsszzzz,ahmmssz,ahmmss,ahmm,يناير|فبراير|مارس|أبريل|مايو|يونيو|يوليو|أغسطس|سبتمبر|أكتوبر|نوفمبر|ديسمبر,يناير|فبراير|مارس|أبريل|مايو|يونيو|يوليو|أغسطس|سبتمبر|أكتوبر|نوفمبر|ديسمبر,ي|ف|م|أ|و|ن|ل|غ|س|ك|ب|د,الأحد|الاثنين|الثلاثاء|الأربعاء|الخميس|الجمعة|السبت,الأحد|الاثنين|الثلاثاء|الأربعاء|الخميس|الجمعة|السبت,ح|ن|ث|ر|خ|ج|س,ص|م,UTC+01:00,UTC+01:00,+00:00,.,",",3,"#,##0.###","25,5‎%‎","1.234.567,89",latn
Tonga,Kingdom of Tonga,Tonga,Nuku'alofa,🇹🇴,"[{""code"":""en"",""iso639_2"":""eng"",""iso639_3"":""eng"",""name"":""English"",""nativeName"":""English"",""official"":true,""direction"":""ltr"",""countries"":[]},{""code"":""to"",""iso639_2"":""ton"",""iso639_3"":""ton"",""name"":""Tonga (Tonga Islands)"",""nativeName"":""faka Tonga"",""official"":true,""direction"":""ltr"",""countries"":[]}]",TO,TON,776,en-TO,1,12h,"EEEE, MMMM d, y","MMMM d, y","MMM d, y",M/d/yy,h:mm:ss a zzzz,h:mm:ss a z,h:mm:ss a,h:mm a,yMMMMEEEEd,yMMMMd,yMMMd,yyMd,ahmmsszzzz,ahmmssz,ahmmss,ahmm,January|February|March|April|May|June|July|August|September|October|November|December,Jan|Feb|Mar|Apr|May|Jun|Jul|Aug|Sep|Oct|Nov|Dec,J|F|M|A|M|J|J|A|S|O|N|D,Sunday|Monday|Tuesday|Wednesday|Thursday|Friday|Saturday,Sun|Mon|Tue|Wed|Thu|Fri|Sat,S|M|T|W|T|F|S,AM|PM,UTC+13:00,UTC+13:00,+00:00,.,",",3,"#,##0.###",25.5%,"1,234,567.89",latn
Türkiye,Republic of Türkiye,Türkiye,Ankara,🇹🇷,"[{""code"":""tr"",""iso639_2"":""tur"",""iso639_3"":""tur"",""name"":""Turkish"",""nativeName"":""Türkçe"",""official"":true,""direction"":""ltr"",""countries"":[]}]",TR,TUR,792,tr-TR,1,24h,d MMMM y EEEE,d MMMM y,d MMM y,d.MM.y,HH:mm:ss zzzz,HH:mm:ss z,HH:mm:ss,HH:mm,yMMMMEEEEd,yMMMMd,yMMMd,yMMd,HHmmsszzzz,HHmmssz,HHmmss,HHmm,Ocak|Şubat|Mart|Nisan|Mayıs|Haziran|Temmuz|Ağustos|Eylül|Ekim|Kasım|Aralık,Oca|Şub|Mar|Nis|May|Haz|Tem|Ağu|Eyl|Eki|Kas|Ara,O|Ş|M|N|M|H|T|A|E|E|K|A,Pazar|Pazartesi|Salı|Çarşamba|Perşembe|Cuma|Cumartesi,Paz|Pzt|Sal|Çar|Per|Cum|Cmt,P|P|S|Ç|P|C|C,ÖÖ|ÖS,UTC+03:00,UTC+03:00,+00:00,",",.,3,"#,##0.###","%25,5","1.234.567,89",latn
Trinidad & Tobago,Republic of Trinidad and Tobago,Trinidad & Tobago,Port of Spain,🇹🇹,"[{""code"":""en"",""iso639_2"":""eng"",""iso639_3"":""eng"",""name"":""English"",""nativeName"":""English"",""official"":true,""direction"":""ltr"",""countries"":[]}]",TT,TTO,780,en-TT,7,12h,"EEEE, MMMM d, y","MMMM d, y","MMM d, y",M/d/yy,h:mm:ss a zzzz,h:mm:ss a z,h:mm:ss a,h:mm a,yMMMMEEEEd,yMMMMd,yMMMd,yyMd,ahmmsszzzz,ahmmssz,ahmmss,ahmm,January|February|March|April|May|June|July|August|September|October|November|December,Jan|Feb|Mar|Apr|May|Jun|Jul|Aug|Sep|Oct|Nov|Dec,J|F|M|A|M|J|J|A|S|O|N|D,Sunday|Monday|Tuesday|Wednesday|Thursday|Friday|Saturday,Sun|Mon|Tue|Wed|Thu|Fri|Sat,S|M|T|W|T|F|S,AM|PM,UTC-04:00,UTC-04:00,+00:00,.,",",3,"#,##0.###",25.5%,"1,234,567.89",latn
Tuvalu,Tuvalu,Tuvalu,Funafuti,🇹🇻,"[{""code"":""en"",""iso639_2"":""eng"",""iso639_3"":""eng"",""name"":""English"",""nativeName"":""English"",""official"":true,""direction"":""ltr"",""countries"":[]}]",TV,TUV,798,en-TV,1,12h,"EEEE, MMMM d, y","MMMM d, y","MMM d, y",M/d/yy,h:mm:ss a zzzz,h:mm:ss a z,h:mm:ss a,h:mm a,yMMMMEEEEd,yMMMMd,yMMMd,yyMd,ahmmsszzzz,ahmmssz,ahmmss,ahmm,January|February|March|April|May|June|July|August|September|October|November|December,Jan|Feb|Mar|Apr|May|Jun|Jul|Aug|Sep|Oct|Nov|Dec,J|F|M|A|M|J|J|A|S|O|N|D,Sunday|Monday|Tuesday|Wednesday|Thursday|Friday|Saturday,Sun|Mon|Tue|Wed|Thu|Fri|Sat,S|M|T|W|T|F|S,AM|PM,UTC+12:00,UTC+12:00,+00:00,.,",",3,"#,##0.###",25.5%,"1,234,567.89",latn
台湾,Republic of China (Taiwan),台湾,Taipei,🇹🇼,"[{""code"":""zh"",""iso639_2"":""zho"",""iso639_3"":""zho"",""name"":""Chinese"",""nativeName"":""中文 (Zhōngwén)"",""official"":true,""direction"":""ltr"",""countries"":[]}]",TW,TWN,158,zh-TW,7,24h,y年M月d日EEEE,y年M月d日,y年M月d日,y/M/d,zzzz HH:mm:ss,z HH:mm:ss,HH:mm:ss,HH:mm,yMMMEEEEd,yMMMd,yMMMd,yMd,HHmmsszzzz,HHmmssz,HHmmss,HHmm,一月|二月|三月|四月|五月|六月|七月|八月|九月|十月|十一月|十二月,1月|2月|3月|4月|5月|6月|7月|8月|9月|10月|11月|12月,1|2|3|4|5|6|7|8|9|10|11|12,星期日|星期一|星期二|星期三|星期四|星期五|星期六,周日|周一|周二|周三|周四|周五|周六,日|一|二|三|四|五|六,上午|下午,UTC+08:00,UTC+08:00,+00:00,.,",",3,"#,##0.###",25.5%,"1,234,567.89",latn
Tanzania,United Republic of Tanzania,Tanzania,Dodoma,🇹🇿,"[{""code"":""sw"",""iso639_2"":""swa"",""iso639_3"":""swa"",""name"":""Swahili"",""nativeName"":""Kiswahili"",""official"":true,""direction"":""ltr"",""countries"":[]},{""code"":""en"",""iso639_2"":""eng"",""iso639_3"":""eng"",""name"":""English"",""nativeName"":""English"",""official"":true,""direction"":""ltr"",""countries"":[]}]",TZ,TZA,834,sw-TZ,1,24h,"EEEE, d MMMM y",d MMMM y,d MMM y,dd/MM/y,HH:mm:ss zzzz,HH:mm:ss z,HH:mm:ss,HH:mm,yMMMMEEEEd,yMMMMd,yMMMd,yMMdd,HHmmsszzzz,HHmmssz,HHmmss,HHmm,Januari|Februari|Machi|Aprili|Mei|Juni|Julai|Agosti|Septemba|Oktoba|Novemba|Desemba,Jan|Feb|Mac|Apr|Mei|Jun|Jul|Ago|Sep|Okt|Nov|Des,J|F|M|A|M|J|J|A|S|O|N|D,Jumapili|Jumatatu|Jumanne|Jumatano|Alhamisi|Ijumaa|Jumamosi,Jumapili|Jumatatu|Jumanne|Jumatano|Alhamisi|Ijumaa|Jumamosi,S|M|T|W|T|F|S,AM|PM,UTC+03:00,UTC+03:00,+00:00,.,",",3,"#,##0.###",25.5%,"1,234,567.89",latn
Україна,Ukraine,Україна,Kyiv,🇺🇦,"[{""code"":""uk"",""iso639_2"":""ukr"",""iso639_3"":""ukr"",""name"":""Ukrainian"",""nativeName"":""Українська"",""official"":true,""direction"":""ltr"",""countries"":[]}]",UA,UKR,804,uk-UA,1,24h,"EEEE, d MMMM y 'р'.",d MMMM y 'р'.,d MMM y 'р'.,dd.MM.yy,HH:mm:ss zzzz,HH:mm:ss z,HH:mm:ss,HH:mm,yMMMMEEEEd,yMMMMd,yMMMd,yyMMdd,HHmmsszzzz,HHmmssz,HHmmss,HHmm,січня|лютого|березня|квітня|травня|червня|липня|серпня|вересня|жовтня|листопада|грудня,січ.|лют.|бер.|квіт.|трав.|черв.|лип.|серп.|вер.|жовт.|лист.|груд.,с|л|б|к|т|ч|л|с|в|ж|л|г,неділя|понеділок|вівторок|середа|четвер|пʼятниця|субота,нд|пн|вт|ср|чт|пт|сб,Н|П|В|С|Ч|П|С,дп|пп,UTC+02:00,UTC+02:00,+00:00,",", ,3,"#,##0.###","25,5%","1 234 567,89",latn
Uganda,Republic of Uganda,Uganda,Kampala,🇺🇬,"[{""code"":""en"",""iso639_2"":""eng"",""iso639_3"":""eng"",""name"":""English"",""nativeName"":""English"",""official"":true,""direction"":""ltr"",""countries"":[]},{""code"":""sw"",""iso639_2"":""swa"",""iso639_3"":""swa"",""name"":""Swahili"",""nativeName"":""Kiswahili"",""official"":true,""direction"":""ltr"",""countries"":[]}]",UG,UGA,800,en-UG,1,12h,"EEEE, MMMM d, y","MMMM d, y","MMM d, y",M/d/yy,h:mm:ss a zzzz,h:mm:ss a z,h:mm:ss a,h:mm a,yMMMMEEEEd,yMMMMd,yMMMd,yyMd,ahmmsszzzz,ahmmssz,ahmmss,ahmm,January|February|March|April|May|June|July|August|September|October|November|December,Jan|Feb|Mar|Apr|May|Jun|Jul|Aug|Sep|Oct|Nov|Dec,J|F|M|A|M|J|J|A|S|O|N|D,Sunday|Monday|Tuesday|Wednesday|Thursday|Friday|Saturday,Sun|Mon|Tue|Wed|Thu|Fri|Sat,S|M|T|W|T|F|S,AM|PM,UTC+03:00,UTC+03:00,+00:00,.,",",3,"#,##0.###",25.5%,"1,234,567.89",latn
U.S. Outlying Islands,United States Minor Outlying Islands,U.S. Outlying Islands,,🇺🇲,"[{""code"":""en"",""iso639_2"":""eng"",""iso639_3"":""eng"",""name"":""English"",""nativeName"":""English"",""official"":true,""direction"":""ltr"",""countries"":[]}]",UM,UMI,581,en-UM,7,12h,"EEEE, MMMM d, y","MMMM d, y","MMM d, y",M/d/yy,h:mm:ss a zzzz,h:mm:ss a z,h:mm:ss a,h:mm a,yMMMMEEEEd,yMMMMd,yMMMd,yyMd,ahmmsszzzz,ahmmssz,ahmmss,ahmm,January|February|March|April|May|June|July|August|September|October|November|December,Jan|Feb|Mar|Apr|May|Jun|Jul|Aug|Sep|Oct|Nov|Dec,J|F|M|A|M|J|J|A|S|O|N|D,Sunday|Monday|Tuesday|Wednesday|Thursday|Friday|Saturday,Sun|Mon|Tue|Wed|Thu|Fri|Sat,S|M|T|W|T|F|S,AM|PM,UTC-11:00|UTC-10:00|UTC+12:00,UTC-11:00,+00:00,.,",",3,"#,##0.###",25.5%,"1,234,567.89",latn
United States,United States of America,United States,Washington D.C.,🇺🇸,"[{""code"":""en"",""iso639_2"":""eng"",""iso639_3"":""eng"",""name"":""English"",""nativeName"":""English"",""official"":true,""direction"":""ltr"",""countries"":[]}]",US,USA,840,en-US,7,12h,"EEEE, MMMM d, y","MMMM d, y","MMM d, y",M/d/yy,h:mm:ss a zzzz,h:mm:ss a z,h:mm:ss a,h:mm a,yMMMMEEEEd,yMMMMd,yMMMd,yyMd,ahmmsszzzz,ahmmssz,ahmmss,ahmm,January|February|March|April|May|June|July|August|September|October|November|December,Jan|Feb|Mar|Apr|May|Jun|Jul|Aug|Sep|Oct|Nov|Dec,J|F|M|A|M|J|J|A|S|O|N|D,Sunday|Monday|Tuesday|Wednesday|Thursday|Friday|Saturday,Sun|Mon|Tue|Wed|Thu|Fri|Sat,S|M|T|W|T|F|S,AM|PM,UTC-12:00|UTC-11:00|UTC-10:00|UTC-09:00|UTC-08:00|UTC-07:00|UTC-06:00|UTC-05:00|UTC-04:00|UTC+10:00|UTC+12:00,UTC-12:00,+00:00,.,",",3,"#,##0.###",25.5%,"1,234,567.89",latn
Uruguay,Oriental Republic of Uruguay,Uruguay,Montevideo,🇺🇾,"[{""code"":""es"",""iso639_2"":""spa"",""iso639_3"":""spa"",""name"":""Spanish"",""nativeName"":""Español"",""official"":true,""direction"":""ltr"",""countries"":[]}]",UY,URY,858,es-UY,1,24h,"EEEE, d 'de' MMMM 'de' y",d 'de' MMMM 'de' y,d MMM y,d/M/yy,H:mm:ss (zzzz),H:mm:ss z,H:mm:ss,H:mm,yMMMMEEEEd,yMMMMd,yMMMd,yyMd,Hmmsszzzz,Hmmssz,Hmmss,Hmm,enero|febrero|marzo|abril|mayo|junio|julio|agosto|septiembre|octubre|noviembre|diciembre,ene|feb|mar|abr|may|jun|jul|ago|sept|oct|nov|dic,E|F|M|A|M|J|J|A|S|O|N|D,domingo|lunes|martes|miércoles|jueves|viernes|sábado,dom|lun|mar|mié|jue|vie|sáb,D|L|M|X|J|V|S,a. m.|p. m.,UTC-03:00,UTC-03:00,+00:00,",",.,3,"#,##0.###","25,5%","1.234.567,89",latn
Oʻzbekiston,Republic of Uzbekistan,Oʻzbekiston,Tashkent,🇺🇿,"[{""code"":""uz"",""iso639_2"":""uzb"",""iso639_3"":""uzb"",""name"":""Uzbek"",""nativeName"":""Oʻzbek"",""official"":true,""direction"":""ltr"",""countries"":[]},{""code"":""ru"",""iso639_2"":""rus"",""iso639_3"":""rus"",""name"":""Russian"",""nativeName"":""Русский"",""official"":true,""direction"":""ltr"",""countries"":[]}]",UZ,UZB,860,uz-UZ,1,24h,"EEEE, d-MMMM, y","d-MMMM, y","d-MMM, y",dd/MM/yy,H:mm:ss (zzzz),H:mm:ss (z),HH:mm:ss,HH:mm,yMMMMEEEEd,yMMMMd,yMMMd,yyMMdd,Hmmsszzzz,Hmmssz,HHmmss,HHmm,yanvar|fevral|mart|aprel|may|iyun|iyul|avgust|sentabr|oktabr|noyabr|dekabr,yan|fev|mar|apr|may|iyn|iyl|avg|sen|okt|noy|dek,Y|F|M|A|M|I|I|A|S|O|N|D,yakshanba|dushanba|seshanba|chorshanba|payshanba|juma|shanba,Yak|Dush|Sesh|Chor|Pay|Jum|Shan,Y|D|S|C|P|J|S,TO|TK,UTC+05:00,UTC+05:00,+00:00,",", ,3,"#,##0.###","25,5%","1 234 567,89",latn
Vatican City,Vatican City State,Vaticanæ / Santa Sede / Città del Vaticano,Vatican City,🇻🇦,"[{""code"":""la"",""iso639_2"":""lat"",""iso639_3"":""lat"",""name"":""Latin"",""nativeName"":""latine"",""official"":true,""direction"":""ltr"",""countries"":[]},{""code"":""it"",""iso639_2"":""ita"",""iso639_3"":""ita"",""name"":""Italian"",""nativeName"":""Italiano"",""official"":true,""direction"":""ltr"",""countries"":[]},{""code"":""fr"",""iso639_2"":""fra"",""iso639_3"":""fra"",""name"":""French"",""nativeName"":""Français"",""official"":true,""direction"":""ltr"",""countries"":[]},{""code"":""de"",""iso639_2"":""deu"",""iso639_3"":""deu"",""name"":""German"",""nativeName"":""Deutsch"",""official"":true,""direction"":""ltr"",""countries"":[]}]",VA,VAT,336,la-VA,1,24h,"y MMMM d, EEEE",y MMMM d,y MMM d,y-MM-dd,HH:mm:ss zzzz,HH:mm:ss z,HH:mm:ss,HH:mm,yMMMMEEEEd,yMMMMd,yMMMd,yMMdd,HHmmsszzzz,HHmmssz,HHmmss,HHmm,M01|M02|M03|M04|M05|M06|M07|M08|M09|M10|M11|M12,M01|M02|M03|M04|M05|M06|M07|M08|M09|M10|M11|M12,1|2|3|4|5|6|7|8|9|10|11|12,Sun|Mon|Tue|Wed|Thu|Fri|Sat,Sun|Mon|Tue|Wed|Thu|Fri|Sat,S|M|T|W|T|F|S,AM|PM,UTC+01:00,UTC+01:00,+00:00,.,",",3,"#,##0.###",25.5%,"1,234,567.89",latn
St. Vincent & Grenadines,Saint Vincent and the Grenadines,St. Vincent & Grenadines,Kingstown,🇻🇨,"[{""code"":""en"",""iso639_2"":""eng"",""iso639_3"":""eng"",""name"":""English"",""nativeName"":""English"",""official"":true,""direction"":""ltr"",""countries"":[]}]",VC,VCT,670,en-VC,1,12h,"EEEE, MMMM d, y","MMMM d, y","MMM d, y",M/d/yy,h:mm:ss a zzzz,h:mm:ss a z,h:mm:ss a,h:mm a,yMMMMEEEEd,yMMMMd,yMMMd,yyMd,ahmmsszzzz,ahmmssz,ahmmss,ahmm,January|February|March|April|May|June|July|August|September|October|November|December,Jan|Feb|Mar|Apr|May|Jun|Jul|Aug|Sep|Oct|Nov|Dec,J|F|M|A|M|J|J|A|S|O|N|D,Sunday|Monday|Tuesday|Wednesday|Thursday|Friday|Saturday,Sun|Mon|Tue|Wed|Thu|Fri|Sat,S|M|T|W|T|F|S,AM|PM,UTC-04:00,UTC-04:00,+00:00,.,",",3,"#,##0.###",25.5%,"1,234,567.89",latn
Venezuela,Bolivarian Republic of Venezuela,Venezuela,Caracas,🇻🇪,"[{""code"":""es"",""iso639_2"":""spa"",""iso639_3"":""spa"",""name"":""Spanish"",""nativeName"":""Español"",""official"":true,""direction"":""ltr"",""countries"":[]}]",VE,VEN,862,es-VE,7,24h,"EEEE, d 'de' MMMM 'de' y",d 'de' MMMM 'de' y,d MMM y,d/M/yy,H:mm:ss (zzzz),H:mm:ss z,H:mm:ss,H:mm,yMMMMEEEEd,yMMMMd,yMMMd,yyMd,Hmmsszzzz,Hmmssz,Hmmss,Hmm,enero|febrero|marzo|abril|mayo|junio|julio|agosto|septiembre|octubre|noviembre|diciembre,ene|feb|mar|abr|may|jun|jul|ago|sept|oct|nov|dic,E|F|M|A|M|J|J|A|S|O|N|D,domingo|lunes|martes|miércoles|jueves|viernes|sábado,dom|lun|mar|mié|jue|vie|sáb,D|L|M|X|J|V|S,a. m.|p. m.,UTC-04:00,UTC-04:00,+00:00,",",.,3,"#,##0.###","25,5%","1.234.567,89",latn
British Virgin Islands,Virgin Islands,British Virgin Islands,Road Town,🇻🇬,"[{""code"":""en"",""iso639_2"":""eng"",""iso639_3"":""eng"",""name"":""English"",""nativeName"":""English"",""official"":true,""direction"":""ltr"",""countries"":[]}]",VG,VGB,92,en-VG,1,12h,"EEEE, MMMM d, y","MMMM d, y","MMM d, y",M/d/yy,h:mm:ss a zzzz,h:mm:ss a z,h:mm:ss a,h:mm a,yMMMMEEEEd,yMMMMd,yMMMd,yyMd,ahmmsszzzz,ahmmssz,ahmmss,ahmm,January|February|March|April|May|June|July|August|September|October|November|December,Jan|Feb|Mar|Apr|May|Jun|Jul|Aug|Sep|Oct|Nov|Dec,J|F|M|A|M|J|J|A|S|O|N|D,Sunday|Monday|Tuesday|Wednesday|Thursday|Friday|Saturday,Sun|Mon|Tue|Wed|Thu|Fri|Sat,S|M|T|W|T|F|S,AM|PM,UTC-04:00,UTC-04:00,+00:00,.,",",3,"#,##0.###",25.5%,"1,234,567.89",latn
U.S. Virgin Islands,Virgin Islands of the United States,U.S. Virgin Islands,Charlotte Amalie,🇻🇮,"[{""code"":""en"",""iso639_2"":""eng"",""iso639_3"":""eng"",""name"":""English"",""nativeName"":""English"",""official"":true,""direction"":""ltr"",""countries"":[]}]",VI,VIR,850,en-VI,7,12h,"EEEE, MMMM d, y","MMMM d, y","MMM d, y",M/d/yy,h:mm:ss a zzzz,h:mm:ss a z,h:mm:ss a,h:mm a,yMMMMEEEEd,yMMMMd,yMMMd,yyMd,ahmmsszzzz,ahmmssz,ahmmss,ahmm,January|February|March|April|May|June|July|August|September|October|November|December,Jan|Feb|Mar|Apr|May|Jun|Jul|Aug|Sep|Oct|Nov|Dec,J|F|M|A|M|J|J|A|S|O|N|D,Sunday|Monday|Tuesday|Wednesday|Thursday|Friday|Saturday,Sun|Mon|Tue|Wed|Thu|Fri|Sat,S|M|T|W|T|F|S,AM|PM,UTC-04:00,UTC-04:00,+00:00,.,",",3,"#,##0.###",25.5%,"1,234,567.89",latn
Việt Nam,Socialist Republic of Vietnam,Việt Nam,Hanoi,🇻🇳,"[{""code"":""vi"",""iso639_2"":""vie"",""iso639_3"":""vie"",""name"":""Vietnamese"",""nativeName"":""Tiếng Việt"",""official"":true,""direction"":""ltr"",""countries"":[]}]",VN,VNM,704,vi-VN,1,24h,"EEEE, d MMMM, y","d MMMM, y","d MMM, y",d/M/yy,HH:mm:ss zzzz,HH:mm:ss z,HH:mm:ss,HH:mm,yMMMMEEEEd,yMMMMd,yMMMd,yMMdd,HHmmsszzzz,HHmmssz,HHmmss,HHmm,tháng 1|tháng 2|tháng 3|tháng 4|tháng 5|tháng 6|tháng 7|tháng 8|tháng 9|tháng 10|tháng 11|tháng 12,thg 1|thg 2|thg 3|thg 4|thg 5|thg 6|thg 7|thg 8|thg 9|thg 10|thg 11|thg 12,1|2|3|4|5|6|7|8|9|10|11|12,Chủ Nhật|Thứ Hai|Thứ Ba|Thứ Tư|Thứ Năm|Thứ Sáu|Thứ Bảy,CN|Thứ 2|Thứ 3|Thứ 4|Thứ 5|Thứ 6|Thứ 7,CN|T2|T3|T4|T5|T6|T7,SA|CH,UTC+07:00,UTC+07:00,+00:00,",",.,3,"#,##0.###","25,5%","1.234.567,89",latn
Vanuatu,Republic of Vanuatu,Vanuatu,Port Vila,🇻🇺,"[{""code"":""bi"",""iso639_2"":""bis"",""iso639_3"":""bis"",""name"":""Bislama"",""nativeName"":""Bislama"",""official"":true,""direction"":""ltr"",""countries"":[]},{""code"":""en"",""iso639_2"":""eng"",""iso639_3"":""eng"",""name"":""English"",""nativeName"":""English"",""official"":true,""direction"":""ltr"",""countries"":[]},{""code"":""fr"",""iso639_2"":""fra"",""iso639_3"":""fra"",""name"":""French"",""nativeName"":""français"",""official"":true,""direction"":""ltr"",""countries"":[]}]",VU,VUT,548,bi-VU,1,12h,"EEEE, MMMM d, y","MMMM d, y","MMM d, y",M/d/yy,h:mm:ss a zzzz,h:mm:ss a z,h:mm:ss a,h:mm a,yMMMMEEEEd,yMMMMd,yMMMd,yyMd,ahmmsszzzz,ahmmssz,ahmmss,ahmm,January|February|March|April|May|June|July|August|September|October|November|December,Jan|Feb|Mar|Apr|May|Jun|Jul|Aug|Sep|Oct|Nov|Dec,J|F|M|A|M|J|J|A|S|O|N|D,Sunday|Monday|Tuesday|Wednesday|Thursday|Friday|Saturday,Sun|Mon|Tue|Wed|Thu|Fri|Sat,S|M|T|W|T|F|S,AM|PM,UTC+11:00,UTC+11:00,+00:00,.,",",3,"#,##0.###",25.5%,"1,234,567.89",latn
Wallis-et-Futuna,Territory of the Wallis and Futuna Islands,Wallis-et-Futuna,Mata-Utu,🇼🇫,"[{""code"":""fr"",""iso639_2"":""fra"",""iso639_3"":""fra"",""name"":""French"",""nativeName"":""français"",""official"":true,""direction"":""ltr"",""countries"":[]}]",WF,WLF,876,fr-WF,1,24h,EEEE d MMMM y,d MMMM y,d MMM y,dd/MM/y,HH:mm:ss zzzz,HH:mm:ss z,HH:mm:ss,HH:mm,yMMMMEEEEd,yMMMMd,yMMMd,yMMdd,HHmmsszzzz,HHmmssz,HHmmss,HHmm,janvier|février|mars|avril|mai|juin|juillet|août|septembre|octobre|novembre|décembre,janv.|févr.|mars|avr.|mai|juin|juil.|août|sept.|oct.|nov.|déc.,J|F|M|A|M|J|J|A|S|O|N|D,dimanche|lundi|mardi|mercredi|jeudi|vendredi|samedi,dim.|lun.|mar.|mer.|jeu.|ven.|sam.,D|L|M|M|J|V|S,AM|PM,UTC+12:00,UTC+12:00,+00:00,",", ,3,"#,##0.###","25,5 %","1 234 567,89",latn
Samoa,Independent State of Samoa,Samoa,Apia,🇼🇸,"[{""code"":""sm"",""iso639_2"":""smo"",""iso639_3"":""smo"",""name"":""Samoan"",""nativeName"":""gagana fa'a Samoa"",""official"":true,""direction"":""ltr"",""countries"":[]},{""code"":""en"",""iso639_2"":""eng"",""iso639_3"":""eng"",""name"":""English"",""nativeName"":""English"",""official"":true,""direction"":""ltr"",""countries"":[]}]",WS,WSM,882,sm-WS,7,12h,"EEEE, MMMM d, y","MMMM d, y","MMM d, y",M/d/yy,h:mm:ss a zzzz,h:mm:ss a z,h:mm:ss a,h:mm a,yMMMMEEEEd,yMMMMd,yMMMd,yyMd,ahmmsszzzz,ahmmssz,ahmmss,ahmm,January|February|March|April|May|June|July|August|September|October|November|December,Jan|Feb|Mar|Apr|May|Jun|Jul|Aug|Sep|Oct|Nov|Dec,J|F|M|A|M|J|J|A|S|O|N|D,Sunday|Monday|Tuesday|Wednesday|Thursday|Friday|Saturday,Sun|Mon|Tue|Wed|Thu|Fri|Sat,S|M|T|W|T|F|S,AM|PM,UTC+13:00,UTC+13:00,+00:00,.,",",3,"#,##0.###",25.5%,"1,234,567.89",latn
Kosovë,Republic of Kosovo,Kosovë,Pristina,🇽🇰,"[{""code"":""sq"",""iso639_2"":""sqi"",""iso639_3"":""sqi"",""name"":""Albanian"",""nativeName"":""Shqip"",""official"":true,""direction"":""ltr"",""countries"":[]},{""code"":""sr"",""iso639_2"":""srp"",""iso639_3"":""srp"",""name"":""Serbian"",""nativeName"":""српски језик"",""official"":true,""direction"":""ltr"",""countries"":[]}]",XK,XKX,,sq-XK,1,12h,"EEEE, d MMMM y",d MMMM y,d MMM y,d.M.yy,"h:mm:ss a, zzzz","h:mm:ss a, z",h:mm:ss a,h:mm a,yMMMMEEEEd,yMMMMd,yMMMd,yyMd,ahmmsszzzz,ahmmssz,ahmmss,ahmm,janar|shkurt|mars|prill|maj|qershor|korrik|gusht|shtator|tetor|nëntor|dhjetor,jan|shk|mar|pri|maj|qer|korr|gush|sht|tet|nën|dhj,j|sh|m|p|m|q|k|g|sh|t|n|dh,e diel|e hënë|e martë|e mërkurë|e enjte|e premte|e shtunë,die|hën|mar|mër|enj|pre|sht,d|h|m|m|e|p|sh,p.d.|m.d.,UTC+01:00,UTC+01:00,+00:00,",", ,3,"#,##0.###","25,5%","1 234 567,89",latn
اليمن,Republic of Yemen,اليمن,Sana'a,🇾🇪,"[{""code"":""ar"",""iso639_2"":""ara"",""iso639_3"":""ara"",""name"":""Arabic"",""nativeName"":""العربية"",""official"":true,""direction"":""ltr"",""countries"":[]}]",YE,YEM,887,ar-YE,7,12h,EEEE، d MMMM y,d MMMM y,dd‏/MM‏/y,d‏/M‏/y,h:mm:ss a zzzz,h:mm:ss a z,h:mm:ss a,h:mm a,yMMMMEEEEd,yMMMMd,yMMdd,yMd,ahmmsszzzz,ahmmssz,ahmmss,ahmm,يناير|فبراير|مارس|أبريل|مايو|يونيو|يوليو|أغسطس|سبتمبر|أكتوبر|نوفمبر|ديسمبر,يناير|فبراير|مارس|أبريل|مايو|يونيو|يوليو|أغسطس|سبتمبر|أكتوبر|نوفمبر|ديسمبر,ي|ف|م|أ|و|ن|ل|غ|س|ك|ب|د,الأحد|الاثنين|الثلاثاء|الأربعاء|الخميس|الجمعة|السبت,الأحد|الاثنين|الثلاثاء|الأربعاء|الخميس|الجمعة|السبت,ح|ن|ث|ر|خ|ج|س,ص|م,UTC+03:00,UTC+03:00,+00:00,.,",",3,"#,##0.###",٢٥٫٥٪؜,١٬٢٣٤٬٥٦٧٫٨٩,latn
Mayotte,Department of Mayotte,Mayotte,Mamoudzou,🇾🇹,"[{""code"":""fr"",""iso639_2"":""fra"",""iso639_3"":""fra"",""name"":""French"",""nativeName"":""français"",""official"":true,""direction"":""ltr"",""countries"":[]}]",YT,MYT,175,fr-YT,1,24h,EEEE d MMMM y,d MMMM y,d MMM y,dd/MM/y,HH:mm:ss zzzz,HH:mm:ss z,HH:mm:ss,HH:mm,yMMMMEEEEd,yMMMMd,yMMMd,yMMdd,HHmmsszzzz,HHmmssz,HHmmss,HHmm,janvier|février|mars|avril|mai|juin|juillet|août|septembre|octobre|novembre|décembre,janv.|févr.|mars|avr.|mai|juin|juil.|août|sept.|oct.|nov.|déc.,J|F|M|A|M|J|J|A|S|O|N|D,dimanche|lundi|mardi|mercredi|jeudi|vendredi|samedi,dim.|lun.|mar.|mer.|jeu.|ven.|sam.,D|L|M|M|J|V|S,AM|PM,UTC+03:00,UTC+03:00,+00:00,",", ,3,"#,##0.###","25,5 %","1 234 567,89",latn
Suid-Afrika,Republic of South Africa,Suid-Afrika,Pretoria,🇿🇦,"[{""code"":""af"",""iso639_2"":""afr"",""iso639_3"":""afr"",""name"":""Afrikaans"",""nativeName"":""Afrikaans"",""official"":true,""direction"":""ltr"",""countries"":[]},{""code"":""en"",""iso639_2"":""eng"",""iso639_3"":""eng"",""name"":""English"",""nativeName"":""English"",""official"":true,""direction"":""ltr"",""countries"":[]},{""code"":""nr"",""iso639_2"":""nbl"",""iso639_3"":""nbl"",""name"":""Southern Ndebele"",""nativeName"":""isiNdebele"",""official"":true,""direction"":""ltr"",""countries"":[]},{""code"":""st"",""iso639_2"":""sot"",""iso639_3"":""sot"",""name"":""Southern Sotho"",""nativeName"":""Sesotho"",""official"":true,""direction"":""ltr"",""countries"":[]},{""code"":""ss"",""iso639_2"":""ssw"",""iso639_3"":""ssw"",""name"":""Swati"",""nativeName"":""SiSwati"",""official"":true,""direction"":""ltr"",""countries"":[]},{""code"":""tn"",""iso639_2"":""tsn"",""iso639_3"":""tsn"",""name"":""Tswana"",""nativeName"":""Setswana"",""official"":true,""direction"":""ltr"",""countries"":[]},{""code"":""ts"",""iso639_2"":""tso"",""iso639_3"":""tso"",""name"":""Tsonga"",""nativeName"":""Xitsonga"",""official"":true,""direction"":""ltr"",""countries"":[]},{""code"":""ve"",""iso639_2"":""ven"",""iso639_3"":""ven"",""name"":""Venda"",""nativeName"":""Tshivenḓa"",""official"":true,""direction"":""ltr"",""countries"":[]},{""code"":""xh"",""iso639_2"":""xho"",""iso639_3"":""xho"",""name"":""Xhosa"",""nativeName"":""isiXhosa"",""official"":true,""direction"":""ltr"",""countries"":[]},{""code"":""zu"",""iso639_2"":""zul"",""iso639_3"":""zul"",""name"":""Zulu"",""nativeName"":""isiZulu"",""official"":true,""direction"":""ltr"",""countries"":[]}]",ZA,ZAF,710,af-ZA,7,24h,EEEE dd MMMM y,dd MMMM y,dd MMM y,y-MM-dd,HH:mm:ss zzzz,HH:mm:ss z,HH:mm:ss,HH:mm,yMMMMEEEEdd,yMMMMdd,yMMMdd,yMMdd,HHmmsszzzz,HHmmssz,HHmmss,HHmm,Januarie|Februarie|Maart|April|Mei|Junie|Julie|Augustus|September|Oktober|November|Desember,Jan.|Feb.|Mrt.|Apr.|Mei|Jun.|Jul.|Aug.|Sep.|Okt.|Nov.|Des.,J|F|M|A|M|J|J|A|S|O|N|D,Sondag|Maandag|Dinsdag|Woensdag|Donderdag|Vrydag|Saterdag,So.|Ma.|Di.|Wo.|Do.|Vr.|Sa.,S|M|D|W|D|V|S,vm.|nm.,UTC+02:00,UTC+02:00,+00:00,",", ,3,"#,##0.###","25,5%","1 234 567,89",latn
Zambia,Republic of Zambia,Zambia,Lusaka,🇿🇲,"[{""code"":""en"",""iso639_2"":""eng"",""iso639_3"":""eng"",""name"":""English"",""nativeName"":""English"",""official"":true,""direction"":""ltr"",""countries"":[]}]",ZM,ZMB,894,en-ZM,1,12h,"EEEE, MMMM d, y","MMMM d, y","MMM d, y",M/d/yy,h:mm:ss a zzzz,h:mm:ss a z,h:mm:ss a,h:mm a,yMMMMEEEEd,yMMMMd,yMMMd,yyMd,ahmmsszzzz,ahmmssz,ahmmss,ahmm,January|February|March|April|May|June|July|August|September|October|November|December,Jan|Feb|Mar|Apr|May|Jun|Jul|Aug|Sep|Oct|Nov|Dec,J|F|M|A|M|J|J|A|S|O|N|D,Sunday|Monday|Tuesday|Wednesday|Thursday|Friday|Saturday,Sun|Mon|Tue|Wed|Thu|Fri|Sat,S|M|T|W|T|F|S,AM|PM,UTC+02:00,UTC+02:00,+00:00,.,",",3,"#,##0.###",25.5%,"1,234,567.89",latn
Zimbabwe,Republic of Zimbabwe,Zimbabwe,Harare,🇿🇼,"[{""code"":""en"",""iso639_2"":""eng"",""iso639_3"":""eng"",""name"":""English"",""nativeName"":""English"",""official"":true,""direction"":""ltr"",""countries"":[]},{""code"":""sn"",""iso639_2"":""sna"",""iso639_3"":""sna"",""name"":""Shona"",""nativeName"":""chiShona"",""official"":true,""direction"":""ltr"",""countries"":[]},{""code"":""nd"",""iso639_2"":""nde"",""iso639_3"":""nde"",""name"":""Northern Ndebele"",""nativeName"":""isiNdebele"",""official"":true,""direction"":""ltr"",""countries"":[]}]",ZW,ZWE,716,en-ZW,7,12h,"EEEE, MMMM d, y","MMMM d, y","MMM d, y",M/d/yy,h:mm:ss a zzzz,h:mm:ss a z,h:mm:ss a,h:mm a,yMMMMEEEEd,yMMMMd,yMMMd,yyMd,ahmmsszzzz,ahmmssz,ahmmss,ahmm,January|February|March|April|May|June|July|August|September|October|November|December,Jan|Feb|Mar|Apr|May|Jun|Jul|Aug|Sep|Oct|Nov|Dec,J|F|M|A|M|J|J|A|S|O|N|D,Sunday|Monday|Tuesday|Wednesday|Thursday|Friday|Saturday,Sun|Mon|Tue|Wed|Thu|Fri|Sat,S|M|T|W|T|F|S,AM|PM,UTC+02:00,UTC+02:00,+00:00,.,",",3,"#,##0.###",25.5%,"1,234,567.89",latn